41,parabola_intuition_1,3326
42,circles_and_arcs,18996
43,inscribed_angles_3,6645
44,solving_quadratics_by_factoring,22217
45,graphing_parabolas_1,1731
46,inverses_of_functions,1858
47,one_step_equations,68286
48,one_step_inequalities,17960
49,number_properties_terminology_1,292789
50,angles_2,24409
51,angle_types,110212
52,addition_3,55099
53,compound_inequalities,14117
54,distributive_property_with_variables,9
55,equation_of_a_circle_1,2460
56,distance_between_point_and_line,1647
57,midpoint_formula,10260
58,properties_of_numbers_2,109432
59,properties_of_incenters,3247
60,measuring_lengths_1,0
61,fractional_division_life_problem,8480
62,volume_container_hight,10728
63,polynomial_concept_and_proper_noun,20878
64,understanding_square_rectangular,9407
65,baseline_compareline_application,337
66,vertical_and_parallel,5798
67,decimal_multiplier_calculation,4006
68,calculations_using_similar_shapes,1928
69,quadratics_word_problems,591
70,represent_by_symbol_dividend,976
71,quadratic_polynomial_word_problem,6887
72,estimation_three-digit_add_sub,86517
73,arithmetic_means,1736
74,recording_life _problem_by_expressions,0
75,seq_understanding_sequence_2,0
76,place_value_big_number,8009
77,matrix_basic_product,688
78,speed_applying,7190
79,completing_the_square_1_new,5
80,basic_graph_and_composite_graph_area,1042
81,side_length_cube_and_relationship_with_volume_cuboid,0
82,judging_axis_of_symmetry,161740
83,realizing_inequalities,711
84,perimeter_1,136426
85,graphing_systems_of_equations,26899
86,exponents_3,30360
87,reading_pictographs_2,44587
88,lhopitals_rule,9703
89,multiplying_polynomials,19738
90,kinematic_equations,0
91,creating_bar_charts_1,38286
92,telling_time,515570
93,proportions_1,24771
94,linear_equations_2,63416
95,converting_repeating_decimals_to_fractions_1,2471
96,exponents_2,74631
97,solving_similar_triangles_2,2950
98,creating_box_and_whisker_plots,8045
99,subtraction_within_20,8
100,quadratic_function_word_problem,250
101,parallelogram_concept_and_application,1171
102,radical_multiplication_and_division,5824
103,arithmetic_sequences_3,6514
104,vector_add_sub_two,430
105,concepts_related_to_diamond,483
106,fractions_cut_and_copy,0
107,cross_multiplication_advanced,13708
108,radius_diameter_and_circumference_1,20526
109,matrix_basic_percentage,904
110,time_terminology,204550
111,cone_surface_arc,3918
112,multiplication_formula_minus,12789
113,environment_bctest_cap,0
114,areas_of_kites,57796
115,arithmetic_reasoning,10143
116,adding_and_subtracting_centimeter_and_millimeter,9329
117,rate_problems_0.5,49206
118,evaluating_expressions_2,21183
119,graphing_inequalities,3864
120,radical_equations,31451
121,empirical_rule,2220
122,multiplying_fractions_0.5,82285
123,exploring_angle_pairs_1,20927
124,adding_subtracting_mixed_numbers_0.5,11275
125,equation_of_an_ellipse,890
126,solid_geometry,33458
127,z_scores_1,1405
128,division_1.5,154120
129,dividing_fractions,68311
130,graphing_linear_equations,7595
131,prime_numbers,340316
132,converting_decimals_to_fractions_1,19062
133,solving_for_the_y-intercept,2116
134,addition_4,296345
135,the_complex_plane,6994
136,geometry_1,24
137,divisibility_0.5,242972
138,linear_equations_4,22270
139,least_common_multiple,158867
140,factoring_polynomials_with_two_variables,2957
141,absolute_value,115686
142,multiplying_complex_numbers,3319
143,area_of_triangles_1,70453
144,geometry_proofs_intro,157
145,converse_inverse_and_contrapositive,32159
146,the_fundamental_theorem_of_arithmetic,44333
147,arithmetic_series,697
148,perimeter_deduction,28698
149,time_units_transformation_1,66280
150,triangles_congruent_nature_sas,542
151,metric_weight_unit_conversion,38075
152,integers_multiply_decimals,31562
153,dividing_polynomials_2,6350
154,interpreting_negative_numbers,0
155,understand_equivalent_axiom,14743
156,writing_expressions_w_two_var,2798
157,comparing_decimals_1,0
158,kg_g_time_div,6365
159,absolute_values_meaning,55012
160,altitude_and_hypotenuse,6982
161,basic_compared_with_the_reference_quantity,286
162,areas_of_rhombi,34850
163,integers_multiply_decimals2,44900
164,metric_weight_unit_word_problem,27102
165,l_ml_transform,39545
166,age_problems,7204
167,rate_unit_transform,8561
168,application_of_linear_equations_1,13406
169,midpoint_coordinates,1301
170,number_sense_length_l2,0
171,common_form_for_life,24340
172,understand_range_of_graphie,8237
173,combinations_of_polynomials,10318
174,ordering_improper_fractions_and_mixed_numbers,16523
175,factoring_polynomials_2,15027
176,rate_problems_1,12666
177,systems_of_equations_with_elimination_0.5,15553
178,similar_triangles_review,5114
179,arithmetic_word_problems_2,164072
180,perimeter_of_squares_and_rectangles,64785
181,least_common_multiple_and_greatest_common_divisor_word_problems,102304
182,adding_subtracting_mixed_numbers_1,12815
183,evaluating_expressions_1,93962
184,constant_function_and_a_fuction,1657
185,seq-arithmetic-sequences-l2,0
186,multiplying_and_dividing_negative_numbers_new,0
187,meaning_congruent_planar_graph,33501
188,hundred_million_adding_and_subtracting,47763
189,cube_volume_calculation,0
190,area_relationship_larger_narrow_num,5823
191,count_number_to_20_2,16894
192,ecology_bctest_cap,0
193,recognize_num_less_than_10000,50376
194,metric_area_unit_conversion,75060
195,quadratic_function_concept,928
196,dividing_fractions_0.5,86219
197,equation_of_a_line,1340
198,factoring_difference_of_squares_2,9377
199,trig_identities_1,4068
200,greatest_common_divisor,184277
201,equation_of_a_circle_2,3270
202,angles_of_a_polygon,42049
203,trigonometry_2,7014
204,reading_pictographs_1,32938
205,power_rule,2573
206,converting_between_point_slope_and_slope_intercept,497
207,linear_inequalities,10072
208,reading_tables_1,100158
209,converting_fractions_to_decimals,52880
210,dividing_decimals,49091
211,combining_like_terms_1,89766
212,imaginary_unit_powers,70086
213,congruent_angles,28274
214,radius_diameter_and_circumference,38270
215,conditional_statements_2,28545
216,vertical_angles_2,11042
217,derivatives_1,4642
218,ratio_word_problems,70955
219,matrix_mul_zero_one,300
220,computing_law_with_power,8445
221,number_sense_length_l3,0
222,volume_space,14013
223,ungroup_median,866
224,multiple_brackets,13885
225,completing_the_square_2_new,0
226,understand_large_numbers_and_conversion,26011
227,compare_shapes,0
228,time_units_transformation_3,41309
229,application_division_large_nums,38708
230,addition_two_numbers,55530
231,absolute_value_add_sub_properties,15292
232,constructing_and_interpreting_absolute_value,0
233,dividing_polynomials_6,1232
234,matrix_mul_two,4
235,multiple_proportions_reasoning,985
236,seq_understanding_sequence_1,0
237,naming_shapes_2,0
238,multiplication_association_word_problems,19119
239,comparison_between_numbers_within_ten,114575
240,measuring_lengths_2,0
241,metric_weight_unit_selection,82925
242,speed_equal_to_distance_divide_time,23905
243,pythagorean_thaorem_application,0
244,order_by_length,0
245,gcd_of_life,47113
246,quadratic_function_graphing,551
247,tenfold_and_hundred_fold,0
248,polygon_geometry_characteristic,846
249,seq_understaning_arithmetic_sequence_1,0
250,time_word_problem_2,156267
251,sectors_as_fraction_of_circles_1,54956
252,solving_linear_inequalities,1877
253,multiplying_decimal_integer,8091
254,compound_numbers_world_problems,0
255,place_value_concept,8834
256,ordering_numbers,16076
257,converting_between_slope_intercept_and_standard_form,635
258,adding_and_subtracting_polynomials,77764
259,triangle_inequality_theorem,26357
260,counting_2,36700
261,multiplying_fractions,64424
262,subtracting_decimals,54826
263,alternate_interior_angles_2,11845
264,similar_triangles_1,105193
265,simplifying_expressions_with_exponents,17307
266,addition_1,961411
267,supplementary_angles,18437
268,division_word_problems_2,67195
269,division_2.9,112684
270,matrix_add_sub_2,1034
271,volume_box_cover,10989
272,ratio_money,3539
273,volume_of_rectangular_boxes_3,35072
274,understanding_comparing_angle,26254
275,seq-understaning-arithmetic-sequence,0
276,application_of_scientific_notation_2,14964
277,simple_calculation_of_composite_volume,0
278,nature_of_isosceles_triangle,744
279,negative_numbers_multiply_divide,3099
280,matrix_add_zero_negative,783
281,planar_graph_resizing,2423
282,division_4,58046
283,inequalities_on_a_number_line,27550
284,new_definitions_2,5725
285,areas_of_trapezoids_rhombi_and_kites,15166
286,same_side_exterior_angles_2,6584
287,congruency_postulates,125486
288,independent_probability,4106
289,adding_fractions,79072
290,absolute_value_equations,5699
291,range_of_a_function,1170
292,angles_1,35142
293,logical_arguments_deductive_reasoning,18413
294,conditional_statements_and_truth_value,4594
295,exponents_1,217339
296,absolute_value_of_complex_numbers,3943
297,understanding_decimals_place_value,66010
298,same_side_exterior_angles,44971
299,counting_1,93954
300,proportions_2,12758
301,alternate_exterior_angles_2,6915
302,adding_and_subtracting_negative_numbers,311038
303,subtraction_4,238337
304,perimeter_of_sector,7946
305,angle_of_osculation,4150
306,radius_diameter_and_circumference_314_1,36897
307,equivalent_fractions_conversion,9635
308,understand_percentage,0
309,radius_and_diameter,117005
310,evolution_bctest_cap,0
311,l_ml_arithmatic,10140
312,common_factor_advance,56
313,multiple_unit_transate,6217
314,subtraction_and_addition,24859
315,special_right_triangles,10410
316,basic_concepts_of_probability_1,2010
317,finding_axis_of_symmetry,111836
318,planting_problems,3989
319,combining_like_terms_with_two_variables,10958
320,find_gcd_and_lcm,0
321,graphing_scaling,7353
322,definition_opposite_number,54460
323,scale,7581
324,pyramidal_prism,22857
325,comparison_between_numbers_within_ten_0.5,7292
326,arithmetic_series_1,4255
327,kg_g_unit_transform2,15698
328,graphing_points_fraction_2,1163
329,surface_area_of_cylinders,11064
330,decimals_on_the_number_line_2_new,0
331,seq_sequence_pattern_1,0
332,percentage_concept,3408
333,proportional_calculation,4648
334,reproduction,0
335,geometry_categorial_proposition,1428
336,arc_length_and_circular_sector_area,1840
337,count_numbers,117215
338,number_sense_weight_l3,0
339,basic_concept_of_congruent_triangles,7916
340,number_sequence_within_ten,117377
341,solving_for_the_x-intercept,1767
342,systems_of_equations,5080
343,division_0.5,332449
344,line_relationships,1264
345,inverse_trig_functions,2318
346,converting_decimals_to_fractions_2,14364
347,multiplying_mixed_numbers_1,46386
348,recognizing_fractions_0.5,148214
349,triangle_angles_1,33596
350,derivative_intuition,3414
351,angle types,0
352,domain_and_range_0.5,9279
353,similar_triangles_2,42303
354,product_rule,2268
355,place_value,73168
356,dividing_decimals_0.5,158953
357,area_of_squares_and_rectangles,61929
358,division_1.4,150486
359,inequalities_and_expressions,2691
360,dividing_polynomials_4,1927
361,basic_concepts_of_probability_2,1800
362,composing_shapes,0
363,solving_problems_with_picture_graphs_1,0
364,number_sense_weight_l2,0
365,geometry_about_circle_concept,9956
366,addition_of_vary_denominator_fraction,17589
367,converting_percents_to_decimals,82172
368,alternate_exterior_angles,45110
369,fractions_cut_and_copy_2,3619
370,graphing_parabolas_0.5,8604
371,inscribed_angles_2,9564
372,mean_median_and_mode,14438
373,converting_mixed_numbers_and_improper_fractions,65314
374,shifting_and_reflecting_functions,5218
375,multiplying_and_dividing_negative_numbers,105500
376,fractions_on_the_number_line_1,76192
377,dividing_decimals_2,44066
378,variance,2859
379,reading_stem_and_leaf_plots,35955
380,adding_negative_numbers,173989
381,number_line_3,372570
382,converting_decimals_to_percents,124230
383,common_factors_of_a_polynomial_1,0
384,area_of_a_circle,71135
385,z_scores_2,648
386,expressions_with_unknown_variables,7277
387,telling_time_comparing,195374
388,sides_and_angles_of_simple_shapes,132963
389,writing_and_interpreting_decimals,7582
390,meaning_of_equal_sign,0
391,common_factor,9856
392,adding_decimals_1,0
393,proportional_or_inverse_proportional,17315
394,graphing_points_fraction_1,2539
395,proportional_life_problems,928
396,systems_of_equ_substitution_2,642
397,triangle_central_core_concept,2270
398,reading_fractions_in_chinese,62723
399,dividing_decimals_int_to_int_0.5,5
400,applications_of_index,37353
401,systems_of_equations_with_elimination_2,145
402,range_of_triangle_sides_2,1343
403,make_a_line_by_ruler_and_compasses,5487
404,relationships_linear_equations,593
405,calculating_averages_advanced,737
406,variables_word_problems_2,81
407,volume_of_triangular_prisms,7969
408,variables_word_problems_1,7180
409,square_cm_square_m_unit_transform,8941
410,inheritance_bctest_cap,0
411,integer_arithmetic,22595
412,inverse_proportional_calculation,2762
413,factor_word_problems,2722
414,dividing_polynomials_3,1984
415,volume_box,27981
416,finding_percentage,0
417,number_line_4,114679
418,cuboid_volume_calculation,0
419,fraction_integer,8004
420,volume_container,8830
421,count_number_to_50,48
422,interpreting_linear_equations,11686
423,linear_equations_3,46148
424,factoring_difference_of_squares_4,0
425,expressions_with_unknown_variables_2,2965
426,congruent_triangles_1,103325
427,division_1,222072
428,rounding_whole_numbers,72624
429,completing_the_square_2,6607
430,age_word_problems,26701
431,simplifying_fractions,119203
432,factoring_difference_of_squares_3,8266
433,quadratic_equation,5971
434,parallel_lines_2,9941
435,geometry_proofs_1,1839
436,subtraction_3,280437
437,recognizing_rays_lines_and_line_segments,238699
438,comparing_decimal_place_value,0
439,matrix_row_operation,320
440,area_of_a_circle2,14289
441,equal_parts_of_circles_and_rectangles,0
442,volume_box_nocover,16259
443,statistical_table_and_chart,7084
444,calculation_of_proportions,1915
445,lines_plane_vertical_parallel,4256
446,fractions_word_problem,3487
447,adding_decimals_0.5_new,0
448,seq_sequence_exam_3,0
449,equivalent_fractions_2,72702
450,systems_of_equations_with_elimination,11262
451,logarithms_2,10254
452,multiplication_2,292169
453,ordering_objects,0
454,complementary_and_supplementary_angles,14181
455,negative_number_word_problems,159414
456,line_graph_intuition,1363
457,reading_bar_charts_3,31319
458,same_side_interior_angles,69989
459,reading_tables_2,50049
460,divisibility_intuition,301086
461,cube_roots,17886
462,multiplication_0.5,547950
463,adding_decimals_0.5,130728
464,division_2,116928
465,ordering_fractions,39925
466,slope_of_a_line,6494
467,multiplying_and_dividing_scientific_notation,72691
468,probability_1,15868
469,adding_and_subtracting_decimals_word_problems,46805
470,decimals_on_the_number_line_2,224087
471,combining_like_terms_2,59347
472,herons_formula,1730
473,subtraction_2,449787
474,adding_and_subtracting_fractions,49761
475,quotient_rule,3451
476,number_line,820725
477,multiplying_radicals,24497
478,even_and_odd_functions,8385
479,shaded_areas,1929
480,multiplication_1,465128
481,matrix_gaussian_elimination,638
482,geometric_construction,3413
483,regular_number_of_columns,1933
484,regrouping_decimals,3368
485,adding_decimals_2_new,0
486,basic_concept_of_circumcenter,5721
487,millimeter_and_centimeter,45513
488,seq-arithmetic-sequences-l1,0
489,multiplication_formula_sub,7695
490,understand_coins,203141
491,parts_of_circles,52359
492,number_sense_length_l1,0
493,measuring_and_comparing_angles,37070
494,l_ml_word_problem,21094
495,marking_inequalities_range_on_a_number_line,1123
496,multiplying_and_dividing,24868
497,count_one_by_one_1,292300
498,square_root_calculation_3,10721
499,skip_counting_by_5s,0
500,complex_fraction,1296
501,life_1,375
502,notation_calculation_type,6504
503,cube_rectangular_and_regular_tetrahedron,0
504,moving_points,1528
505,multiplying_fractions_by_integers,0
506,draw_a_pie_chart,6255
507,decimals_distributive_law_of_multiplication,5649
508,multiplication_with_carrying,0
509,symmetry_concept_and_application,55882
510,number_line_0.5,13807
511,one_step_equation_problems,19282
512,adding_subtracting_no_carry_3,29697
513,inequality_properties,661
514,comparing_with_multiplication,5014
515,recognizing_fractions,80772
516,decimals_on_the_number_line_1,220541
517,rounding_numbers,108989
518,one_step_equations_0.5,1
519,identifying_points_2,14275
520,geometry_proofs_2,2468
521,parabola_intuition_3,1706
522,attributs_of_shapes,0
523,negative_nums_on_num_line_without_reference_to_zero,0
524,count_number_to_100,108091
525,sort-groups-by-count_1,0
526,fractions_and_percentage_of_exchange,0
527,ratio_and_the_ratio_of,7367
528,matrix_mul_two_2,116
529,time_word_problem_5,29688
530,get_gcd_and_lcm,24557
531,writing_expressions_3,11769
532,adding_and_subtracting_within_20,106716
533,short_divide_gcf_and_lcm,0
534,represent_by_symbol_multiplier,41427
535,multiplication_word_problems,31840
536,seq-arithmetic-means-1,0
537,simplifying_rational_expressions_2,0
538,exponents_4,14252
539,simplifying_radicals,66967
540,percentage_word_problems_1,35042
541,distance_formula,34003
542,permutations_1,12541
543,systems_of_equations_with_substitution,23252
544,exploring_mean_and_median,39171
545,angle-types,0
546,writing_expressions_1,86209
547,factoring_polynomials_3,0
548,fractions_on_the_number_line_3,18129
549,subtracting_fractions_with_common_denominators,61275
550,adding_decimals_2,56113
551,adding_and_subtracting_radicals,29659
552,graphing_points,38268
553,corresponding_angles_2,9055
554,inscribed_angles_1,40360
555,slope_intercept_form,1494
556,functions_3,7708
557,rate_problems_2,5506
558,reading_line_charts_1,57646
559,percentage_word_problems_2,5219
560,segment_addition,8040
561,pythagorean_theorem_2,0
562,arithmetic_word_problems_1,578735
563,factoring_difference_of_squares_1,14210
564,recognizing_conic_sections,12631
565,multiplying_2_digits_by_2_digits_with_area_models,0
566,adding_subtracting_dicimals_fractions_and_percentage,0
567,adding_subtracting_carry_2,14201
568,area_of_fans,1524
569,length_word_problem,0
570,angle_rotation,20479
571,linear_equations_word_problems_2,5697
572,define_one_function,2077
573,kg_g_unit_transform,20851
574,recognize_graph_zoom_effect,22273
575,seq_understaning_arithmetic_sequence_2,0
576,systems_of_equ_substitution_1,1341
577,add_subtract_negative_fractions,43218
578,systems_of_equations_with_elimination_3,552
579,systems_of_equ_elimination_1,1285
580,large_angle_long_edge,2541
581,classification_bctest_cap,0
582,recognize_decimal_percentile_position,13871
583,volume_of_rectangular_boxes_2,23220
584,eval_expressions_w_two_var,1879
585,matrix_submatrix,250
586,application_of_scientific_notation,25996
587,re_graphics,3146
588,multiplying_fractions_and_whole_numbers_word_problems,0
589,operations_with_negative_numbers,42828
590,matrix_mul_scalar,211
591,sequences_word_problems,1800
592,seq_sequence_pattern_2,0
593,seq-arithmetic-means-2,0
594,word_problem_formula_translate,16997
595,triangles_similar_nature,4331
596,inequality_symbol_word_problems,722
597,simplify_expressions_w_two_var_2,1882
598,dividing_polynomials_1,5185
599,number_line_0.7,6284
600,corresponding_angles,52699
601,subtracting_decimals_0.5,62633
602,composite_numbers,204226
603,graphing_inequalities_2,1866
604,pythagorean_theorem_1,135802
605,parallel_lines_1,34310
606,division_word_problems_1,94474
607,number_line_0.5_new,0
608,volume_of_cylinders,8212
609,dividing_decimals_int_to_int_0.7,4
610,polygon_similarity,2536
611,multiplication_formula_1,36984
612,volume_of_rectangular_boxes,39643
613,narrative_and_opposite_narrative,36532
614,multiplication_formula_add,28068
615,kg_g_arithmatic,9995
616,consistency_bctest_cap,0
617,time_units_transformation_2,43827
618,multiplicative_problems,2567
619,number_sense_weight_l1,0
620,using_fractions_to_divide_pizzas_pies_and_cakes,0
621,adding_decimals,108951
622,multiplication_3,200996
623,divisibility,184373
624,trigonometry_1,11671
625,multiplication_4,109754
626,linear_equations_1,75101
627,solving_for_a_variable,1830
628,converting_repeating_decimals_to_fractions_2,1965
629,solutions_to_systems_of_equations,28311
630,comparing_fractions_2,65065
631,plotting_the_line_of_best_fit,22563
632,square_roots_2,34687
633,number_line_2,363290
634,factoring_polynomials_by_grouping_1,6347
635,significant_figures_1,20918
636,radians_and_degrees,1710
637,fractions_on_the_number_line_2,30522
638,angle_addition_postulate,6951
639,radians_to_degrees,10669
640,subtracting_fractions,32378
641,equation_of_a_hyperbola,345
642,units,9619
643,arithmetic_word_problems,97046
644,factorization_quadratic_polynomial,10385
645,matrix_app_fruit_oil,5
646,count_number_to_20,6
647,the_four_arithmetic_exponentially,19600
648,simplify_expressions_w_two_var_3,1041
649,radius_angle_by_percentage,0
650,matrix_transpose,276
651,parallel_lines_proportion,1444
652,interpreting_absolute_value,0
653,range_quarter_case_chart,1053
654,separation_and_union,118615
655,baseline_compareline,607
656,dividing_polynomials_5,2347
657,age_problems_new,6549
658,application_of_linear_equations_2,67
659,simple_hologram_concept,1408
660,seq_sequence_exam_2,0
661,areas_of_trapezoids,103444
662,circumferential_angle,4488
663,decimal_two_steps,1961
664,morning_afternoon_night,59357
665,absolute_value_add_sub,27006
666,sectors_as_fraction_of_circles_2,16804
667,approximate_number,5590
668,parallel_and_perpendicular,9018
669,area_relationship_larger_narrow_graph,5653
670,km_m_unit_transform,20
671,subtraction_of_vary_denominator_fraction,16101
672,trapezoid_concept_and_application,408
673,four_operations_and_decimal_fraction,41
674,understanding_moving_the_decimal,59361
675,comparing_improper_fractions_and_mixed_numbers,53735
676,simplifying_rational_expressions_1,0
677,estimation_with_decimals,61173
678,multiplying_decimals,82071
679,multiplying_expressions_1,18381
680,functions_2,33137
681,dividing_complex_numbers,2429
682,triangle_types,145889
683,limits_1,293727
684,prime_factorization,244219
685,common_factors_of_a_polynomial_2,1
686,scientific_notation_intuition,73907
687,writing_expressions_2,18113
688,angle_bisector_theorem,6628
689,scaling_vectors,13518
690,skip_counting_by_10s,2
691,application_add_large_nums,89490
692,gcd_and_lcm_word_problems,29691
693,dividing_polynomials,5055
694,multiplication_and_division_word_problems,8
695,understand_length_unit,16206
696,seq-understaning-arithmetic-sequence-1,0
697,difference_between_solid_and_plane_graphics,0
698,ordering_negative_numbers,164958
699,multiplying_expressions_0.5,24852
700,reading_bar_charts_2,71779
701,graphing_systems_of_inequalities,509
702,quadrilateral_angles,27284
703,z_scores_3,1043
704,telling_time_0.5,676001
705,representing_numbers,706930
706,divisibility_tests,232604
707,point_slope_form,1826
708,systems_of_equations_word_problems,8568
709,chain_rule_1,7424
710,fractions_cut_and_copy_1,10213
711,graphing_parabolas_2,1413
712,factoring_polynomials_1,32530
713,graphs_of_sine_and_cosine,3508
714,new_definitions_1,26637
715,area_1,100652
716,solving_similar_triangles_1,8042
717,dependent_probability,1517
718,limits_2,34161
719,addition_2,294141
720,subtraction_1,553047
721,identifying_points_1,16289
722,same_side_interior_angles_2,11330
723,trigonometry_1.5,2843
724,exploring_standard_deviation_1,1111
725,special_derivatives,4106
726,writing_proportions,72640
727,order_of_operations,164348
728,graphing_systems_of_inequalities_2,543
729,graphing_points_2,34919
730,triangles_congruent_nature_aas,513
731,triangle_length_of_side,3543
732,solving_linear_equations,21738
733,visualizing_equivalent_fraction,0
734,basic_concept_of_similar_shapes,3127
735,comparing_lengths,0
736,rates_and_ratios,457
737,repeated_addition,0
738,halves_and_fourths,3443
739,volume_unit_conversion,47297
740,denominator_comparison,14831
741,seq-understaning-arithmetic-sequence-2,0
742,time_word_problem_3,92360
743,number_line_0.7_new,0
744,multiply_by_tens,9423
745,time_word_problem_1,128963
746,special_triangle_and_quadrilateral_concept,495
747,metric_area_unit_comparison,46726
748,simplify_expressions_w_two_var_1,2799
749,transportation_bctest_cap,0
750,perimeter_of_combined_shapes,57645
751,adding_subtracting_carry_3,123065
752,understanding_km,22071
753,subtract_of_positive_negative_fraction,6736
754,complex_number_polar_form_intuition_new,0
755,triangles_congruent_nature_asa,276
756,ratio,1169
757,comparing_decimals_2,0
758,quadratic_function_maximum_and_minimum,376
759,triangles_congruent_nature_sss,865
760,application_of_gcd_and_lcm_1,0
761,volume_and_cc,20525
762,comparing_size,0
763,chickens_and_rabbits_questions,6272
764,number_within_fifty,155892
765,recognizing_shapes,2854
766,triangles_congruent_nature_rhs,465
767,reproduction_bctest_cap,0
768,represent_by_symbol_subtrahend,2709
769,recognizing_factoring,11754
770,solving_problems_with_line_plots_1,0
771,scientific_notation_decimals,26513
772,fraction_word_problems_1,62190
773,adding_fractions_with_common_denominators,76770
774,domain_of_a_function,4158
775,functions_1,42746
776,distributive_property,187159
777,comparing_objects,0
778,vertical_angles,27416
779,unit_circle,4350
780,multiplication_1.5,256206
781,dividing_fractions_word_problems,46854
782,plugging_in_values,2274
783,solving_quadratics_by_taking_the_square_root,13726
784,lcm_word_problems,45323
785,recording_life_problem_by_expressions,9793
786,writing_fractions_1,400164
787,fraction_and_per_swap_divide,0
788,l_ml_time_div,7026
789,naming_shapes,0
790,simple_hologram_surface_area,2614
791,coordination_bctest_cap,41979
792,date_and_weekday,78692
793,exponent_rules,37153
794,points_lines_and_planes,76389
795,multiplying_fractions_word_problems,44767
796,expressing_ratios_as_fractions,150178
797,properties_of_numbers_1,167477
798,dividing_decimals_1,76844
799,markup_and_commission_word_problems,14417
800,comparing_absolute_values,92226
801,standard_deviation,1315
802,equivalent_fractions,100455
803,completing_the_square_1,13192
804,trigonometry_0.5,7036
805,solving_quadratics_by_factoring_2,7867
806,scientific_notation,74611
807,complementary_angles,18813
808,square_roots,91520
809,parabola_intuition_2,1472
810,congruent_segments,33498
811,midpoint_of_a_segment,10624
812,areas_of_circles_and_sectors,16856
813,alternate_interior_angles,54750
814,degrees_to_radians,10743
815,reading_bar_charts_1,77800
816,adding_vectors,14513
817,telling_time_2,399732
818,comparing_fractions_1,56983
819,measuring_angles,236908
820,congruent_triangles_2,27620
821,measuring_segments,45555
822,axis_of_symmetry,203290
823,average_word_problems,6693
824,division_3,108754
825,radius_angle,13062
826,meters_and_centimeters_conversion,0
827,meters_and_centimeters,43945
828,skip_counting_by_100s,0
829,matrix_row_echelon,1490
830,scale_see_compare_see,0
831,understand_circle,27564
832,matrix_triangular_and_symmetric,583
833,factorization_by_add_sub_square,2861
834,cc_and_cubic_meter_conversion,0
835,ratio_discount,6064
836,nutrition_bctest_cap,0
837,measuring_lengths_with_different_units,0
838,concepts_related_to_kite,892
839,multiplication_and_division_order,10131
840,concepts_related_to_parallelogram,363
841,one_more_one_less,133214
842,represent_by_symbol_addend,3684
843,time_word_problem_4,70025
844,fraction_of_one_step_to_unknow_formula,2850
845,graphs_of_linear_equations,1031
846,matrix_add_sub_3,573
847,triangle_angles_sum,30587
848,filling_rectangles_with_same-sized_squares,0
849,unit_conversion_rate,4195
850,cell_bctest_cap,0
851,advanced_fraction,5502
852,addition_within_20,15831
853,surface_area_of_rectangular_boxes,51734
854,g_and_kg_word_problems,0
855,area_unit_cm_square,16616
856,vertical_concepts,15548
857,direct_and_inverse_variation,69689
858,quadrilateral_types,230231
859,area_of_parallelograms,134786
860,discount_tax_and_tip_word_problems,25067
861,adding_and_subtracting_complex_numbers,5076
862,vertex_of_a_parabola,4075
863,logarithms_1,14101
864,division_0.9,232013
865,proportions_inner_outer_product,2323
866,area_of_triangular_shapes,2921
867,seq_sequence_exam_1,0
868,position_relation_between_circle_point,21016
869,number_sense_weight_L1,0
870,decomposing_fractions,0
871,matrix_basic_distance,638
872,ordering_decimals_new,0
873,simplificate_ractional_formula,15690
874,geometry_identification_concept,1357
875,simplify_the_root_type,26328
