562,arithmetic_word_problems_1,2.857142857
491,parts_of_circles,2.428571429
180,perimeter_of_squares_and_rectangles,2.285714286
783,solving_quadratics_by_taking_the_square_root,3.307692308
803,completing_the_square_1,3.307692308
45,graphing_parabolas_1,4.846153846
719,addition_2,1.076923077
521,parabola_intuition_3,6.307692308
847,triangle_angles_sum,4.545454545
638,angle_addition_postulate,7.0
778,vertical_angles,3.272727273
705,representing_numbers,2.454545455
44,solving_quadratics_by_factoring,5.222222222
688,angle_bisector_theorem,5.333333333
712,factoring_polynomials_1,5.111111111
847,triangle_angles_sum,1.777777778
803,completing_the_square_1,4.555555556
89,multiplying_polynomials,4.0
679,multiplying_expressions_1,3.444444444
775,functions_1,5.9
552,graphing_points,3.0
422,interpreting_linear_equations,4.6
721,identifying_points_1,3.5
626,linear_equations_1,4.6
552,graphing_points,3.222222222
422,interpreting_linear_equations,7.0
466,slope_of_a_line,8.0
729,graphing_points_2,4.444444444
626,linear_equations_1,7.0
798,dividing_decimals_1,4.714285714
210,dividing_decimals,6.857142857
282,division_4,5.0
356,dividing_decimals_0.5,3.714285714
823,average_word_problems,2.818181818
372,mean_median_and_mode,2.0
727,order_of_operations,2.818181818
544,exploring_mean_and_median,4.363636364
355,place_value,1.666666667
544,exploring_mean_and_median,4.666666667
387,telling_time_comparing,3.444444444
372,mean_median_and_mode,2.555555556
459,reading_tables_2,3.555555556
378,variance,7.111111111
428,rounding_whole_numbers,4.0
151,metric_weight_unit_conversion,3.6
517,rounding_numbers,3.5
194,metric_area_unit_conversion,4.5
347,multiplying_mixed_numbers_1,4.888888889
179,arithmetic_word_problems_2,5.0
261,multiplying_fractions,4.111111111
122,multiplying_fractions_0.5,3.0
431,simplifying_fractions,1.888888889
213,congruent_angles,3.111111111
271,volume_box_cover,6.285714286
415,volume_box,5.285714286
357,area_of_squares_and_rectangles,1.571428571
286,same_side_exterior_angles_2,5.285714286
143,area_of_triangles_1,2.428571429
222,volume_space,5.571428571
629,solutions_to_systems_of_equations,5.333333333
85,graphing_systems_of_equations,6.111111111
708,systems_of_equations_word_problems,7.333333333
178,similar_triangles_review,3.333333333
295,exponents_1,3.333333333
342,systems_of_equations,4.666666667
130,graphing_linear_equations,5.111111111
293,logical_arguments_deductive_reasoning,5.818181818
822,axis_of_symmetry,3.545454545
82,judging_axis_of_symmetry,3.727272727
264,similar_triangles_1,5.636363636
621,adding_decimals,7.0
550,adding_decimals_2,7.0
824,division_3,7.583333333
188,hundred_million_adding_and_subtracting,7.166666667
91,creating_bar_charts_1,5.846153846
379,reading_stem_and_leaf_plots,6.615384615
208,reading_tables_1,5.076923077
451,logarithms_2,7.923076923
459,reading_tables_2,5.769230769
806,scientific_notation,5.7
269,division_2.9,3.9
633,number_line_2,2.5
182,adding_subtracting_mixed_numbers_1,5.0
128,division_1.5,3.0
464,division_2,5.0
706,divisibility_tests,5.6
82,judging_axis_of_symmetry,4.375
266,addition_1,2.125
477,multiplying_radicals,7.875
210,dividing_decimals,7.25
820,congruent_triangles_2,6.0
353,similar_triangles_2,6.375
264,similar_triangles_1,5.5
794,points_lines_and_planes,7.5
633,number_line_2,4.666666667
811,midpoint_of_a_segment,6.916666667
384,area_of_a_circle,7.583333333
437,recognizing_rays_lines_and_line_segments,2.916666667
317,finding_axis_of_symmetry,5.375
822,axis_of_symmetry,5.5
521,parabola_intuition_3,7.625
264,similar_triangles_1,6.5
96,exponents_2,5.846153846
295,exponents_1,3.076923077
539,simplifying_radicals,4.538461538
808,square_roots,3.230769231
786,writing_fractions_1,1.615384615
712,factoring_polynomials_1,4.461538462
175,factoring_polynomials_2,4.846153846
679,multiplying_expressions_1,5.181818182
198,factoring_difference_of_squares_2,6.363636364
712,factoring_polynomials_1,6.454545455
699,multiplying_expressions_0.5,5.636363636
89,multiplying_polynomials,6.181818182
563,factoring_difference_of_squares_1,3.642857143
198,factoring_difference_of_squares_2,3.857142857
699,multiplying_expressions_0.5,3.428571429
812,areas_of_circles_and_sectors,4.125
479,shaded_areas,4.25
50,angles_2,3.5
89,multiplying_polynomials,6.666666667
679,multiplying_expressions_1,5.666666667
258,adding_and_subtracting_polynomials,3.833333333
564,recognizing_conic_sections,1.666666667
623,divisibility,7.0
539,simplifying_radicals,6.25
208,reading_tables_1,3.625
459,reading_tables_2,4.5
815,reading_bar_charts_1,4.25
704,telling_time_0.5,2.75
861,adding_and_subtracting_complex_numbers,2.666666667
212,imaginary_unit_powers,3.0
604,pythagorean_theorem_1,3.0
135,the_complex_plane,2.777777778
84,perimeter_1,2.3
797,properties_of_numbers_1,3.2
58,properties_of_numbers_2,2.0
375,multiplying_and_dividing_negative_numbers,4.5
718,limits_2,5.0
217,derivatives_1,6.222222222
436,subtraction_3,2.833333333
149,time_units_transformation_1,3.5
817,telling_time_2,2.0
250,time_word_problem_2,5.0
371,inscribed_angles_2,4.5
554,inscribed_angles_1,4.0
42,circles_and_arcs,6.0
454,complementary_and_supplementary_angles,4.833333333
216,vertical_angles_2,6.416666667
51,angle_types,2.666666667
546,writing_expressions_1,5.916666667
562,arithmetic_word_problems_1,2.428571429
436,subtraction_3,2.142857143
149,time_units_transformation_1,2.285714286
387,telling_time_comparing,5.142857143
92,telling_time,1.571428571
562,arithmetic_word_problems_1,3.2
817,telling_time_2,2.7
745,time_word_problem_1,3.8
129,dividing_fractions,4.384615385
431,simplifying_fractions,2.0
196,dividing_fractions_0.5,2.769230769
122,multiplying_fractions_0.5,2.461538462
449,equivalent_fractions_2,3.181818182
373,converting_mixed_numbers_and_improper_fractions,3.0
773,adding_fractions_with_common_denominators,1.636363636
474,adding_and_subtracting_fractions,6.090909091
431,simplifying_fractions,2.727272727
96,exponents_2,2.5
686,scientific_notation_intuition,2.25
793,exponent_rules,3.5
295,exponents_1,1.75
460,divisibility_intuition,3.909090909
602,composite_numbers,4.272727273
464,division_2,2.545454545
706,divisibility_tests,4.363636364
131,prime_numbers,3.909090909
141,absolute_value,3.8
665,absolute_value_add_sub,7.3
302,adding_and_subtracting_negative_numbers,4.8
380,adding_negative_numbers,4.4
263,alternate_interior_angles_2,5.222222222
213,congruent_angles,2.555555556
605,parallel_lines_1,4.0
434,parallel_lines_2,4.888888889
813,alternate_interior_angles,4.333333333
259,triangle_inequality_theorem,4.333333333
162,areas_of_rhombi,5.166666667
292,angles_1,5.5
126,solid_geometry,5.5
50,angles_2,6.166666667
473,subtraction_2,1.375
386,expressions_with_unknown_variables,7.375
138,linear_equations_4,8.125
494,l_ml_word_problem,3.875
165,l_ml_transform,2.875
800,comparing_absolute_values,5.3
455,negative_number_word_problems,6.9
380,adding_negative_numbers,5.8
302,adding_and_subtracting_negative_numbers,5.2
775,functions_1,3.666666667
423,linear_equations_3,3.555555556
680,functions_2,6.0
857,direct_and_inverse_variation,4.777777778
415,volume_box,7.125
750,perimeter_of_combined_shapes,5.0
715,area_1,4.75
727,order_of_operations,6.25
376,fractions_on_the_number_line_1,3.25
368,alternate_exterior_angles,3.625
775,functions_1,3.3
94,linear_equations_2,3.6
423,linear_equations_3,3.5
478,even_and_odd_functions,5.5
352,domain_and_range_0.5,3.1
266,addition_1,1.333333333
437,recognizing_rays_lines_and_line_segments,2.111111111
114,areas_of_kites,3.0
50,angles_2,4.333333333
747,metric_area_unit_comparison,3.555555556
479,shaded_areas,3.333333333
286,same_side_exterior_angles_2,3.5
820,congruent_triangles_2,4.125
516,decimals_on_the_number_line_1,2.125
114,areas_of_kites,3.125
50,angles_2,5.625
710,fractions_cut_and_copy_1,6.0
795,multiplying_fractions_word_problems,3.555555556
261,multiplying_fractions,3.0
196,dividing_fractions_0.5,4.444444444
122,multiplying_fractions_0.5,2.666666667
350,derivative_intuition,4.857142857
217,derivatives_1,4.714285714
41,parabola_intuition_1,7.076923077
699,multiplying_expressions_0.5,7.0
258,adding_and_subtracting_polynomials,7.384615385
470,decimals_on_the_number_line_2,4.0
714,new_definitions_1,4.818181818
94,linear_equations_2,3.272727273
423,linear_equations_3,3.909090909
207,linear_inequalities,4.363636364
626,linear_equations_1,3.333333333
550,adding_decimals_2,2.333333333
477,multiplying_radicals,5.555555556
474,adding_and_subtracting_fractions,3.777777778
183,evaluating_expressions_1,2.555555556
546,writing_expressions_1,3.888888889
282,division_4,4.0
617,time_units_transformation_2,5.5
544,exploring_mean_and_median,6.4
98,creating_box_and_whisker_plots,6.4
521,parabola_intuition_3,8.2
727,order_of_operations,6.2
261,multiplying_fractions,5.4
835,ratio_discount,7.888888889
719,addition_2,4.111111111
562,arithmetic_word_problems_1,4.555555556
319,combining_like_terms_with_two_variables,8.333333333
179,arithmetic_word_problems_2,7.222222222
480,multiplication_1,6.0
705,representing_numbers,4.777777778
295,exponents_1,2.222222222
539,simplifying_radicals,3.111111111
604,pythagorean_theorem_1,3.777777778
632,square_roots_2,4.0
120,radical_equations,7.444444444
92,telling_time,6.0
705,representing_numbers,4.3
433,quadratic_equation,4.0
212,imaginary_unit_powers,2.875
802,equivalent_fractions,2.727272727
372,mean_median_and_mode,3.0
49,number_properties_terminology_1,2.636363636
727,order_of_operations,3.181818182
623,divisibility,4.181818182
519,identifying_points_2,2.9
422,interpreting_linear_equations,3.0
708,systems_of_equations_word_problems,4.8
816,adding_vectors,5.75
626,linear_equations_1,2.0
177,systems_of_equations_with_elimination_0.5,4.0
544,exploring_mean_and_median,3.875
269,division_2.9,2.5
818,comparing_fractions_1,4.25
630,comparing_fractions_2,3.875
256,ordering_numbers,6.0
89,multiplying_polynomials,7.75
431,simplifying_fractions,2.875
721,identifying_points_1,3.75
204,reading_pictographs_1,4.2
267,supplementary_angles,4.5
208,reading_tables_1,3.1
222,volume_space,7.1
459,reading_tables_2,4.9
163,integers_multiply_decimals2,3.0
428,rounding_whole_numbers,2.666666667
698,ordering_negative_numbers,4.0
517,rounding_numbers,2.5
612,volume_of_rectangular_boxes,5.0
437,recognizing_rays_lines_and_line_segments,1.636363636
797,properties_of_numbers_1,3.181818182
357,area_of_squares_and_rectangles,3.0
715,area_1,2.727272727
562,arithmetic_word_problems_1,2.222222222
643,arithmetic_word_problems,6.777777778
780,multiplication_1.5,4.333333333
452,multiplication_2,4.777777778
128,division_1.5,4.0
460,divisibility_intuition,3.727272727
137,divisibility_0.5,4.909090909
464,division_2,3.909090909
602,composite_numbers,4.727272727
131,prime_numbers,4.545454545
626,linear_equations_1,3.375
632,square_roots_2,5.125
207,linear_inequalities,6.375
53,compound_inequalities,7.5
123,exploring_angle_pairs_1,3.25
283,inequalities_on_a_number_line,3.75
562,arithmetic_word_problems_1,3.9
92,telling_time,4.3
110,time_terminology,2.8
745,time_word_problem_1,6.4
704,telling_time_0.5,4.2
621,adding_decimals,5.0
134,addition_4,5.5
516,decimals_on_the_number_line_1,2.0
470,decimals_on_the_number_line_2,2.625
626,linear_equations_1,2.6
299,counting_1,2.6
260,counting_2,4.4
85,graphing_systems_of_equations,5.3
515,recognizing_fractions,1.3
103,arithmetic_sequences_3,5.6
177,systems_of_equations_with_elimination_0.5,3.6
543,systems_of_equations_with_substitution,4.2
130,graphing_linear_equations,4.6
138,linear_equations_4,7.5
84,perimeter_1,5.0
797,properties_of_numbers_1,5.125
148,perimeter_deduction,5.375
309,radius_and_diameter,4.0
491,parts_of_circles,3.5
727,order_of_operations,5.875
539,simplifying_radicals,2.285714286
551,adding_and_subtracting_radicals,3.0
632,square_roots_2,3.285714286
808,square_roots,1.857142857
129,dividing_fractions,5.307692308
431,simplifying_fractions,2.846153846
261,multiplying_fractions,3.076923077
795,multiplying_fractions_word_problems,3.923076923
847,triangle_angles_sum,1.4
709,chain_rule_1,7.8
259,triangle_inequality_theorem,3.6
349,triangle_angles_1,2.1
863,logarithms_1,4.769230769
86,exponents_3,5.615384615
295,exponents_1,3.307692308
617,time_units_transformation_2,4.5
348,recognizing_fractions_0.5,3.0
450,systems_of_equations_with_elimination,7.5
474,adding_and_subtracting_fractions,5.875
346,converting_decimals_to_fractions_2,6.375
183,evaluating_expressions_1,5.75
209,converting_fractions_to_decimals,6.0
209,converting_fractions_to_decimals,4.714285714
132,converting_decimals_to_fractions_1,3.571428571
824,division_3,4.142857143
382,converting_decimals_to_percents,3.214285714
97,solving_similar_triangles_2,7.181818182
353,similar_triangles_2,4.727272727
264,similar_triangles_1,4.818181818
716,solving_similar_triangles_1,4.636363636
704,telling_time_0.5,2.111111111
864,division_0.9,4.181818182
343,division_0.5,4.545454545
179,arithmetic_word_problems_2,5.636363636
427,division_1,4.181818182
48,one_step_inequalities,2.916666667
714,new_definitions_1,6.0
207,linear_inequalities,3.666666667
283,inequalities_on_a_number_line,2.75
633,number_line_2,2.769230769
380,adding_negative_numbers,3.153846154
665,absolute_value_add_sub,6.692307692
375,multiplying_and_dividing_negative_numbers,4.615384615
302,adding_and_subtracting_negative_numbers,3.615384615
357,area_of_squares_and_rectangles,2.111111111
348,recognizing_fractions_0.5,2.444444444
437,recognizing_rays_lines_and_line_segments,1.333333333
218,ratio_word_problems,5.666666667
803,completing_the_square_1,7.111111111
853,surface_area_of_rectangular_boxes,4.444444444
715,area_1,2.555555556
299,counting_1,3.363636364
103,arithmetic_sequences_3,6.272727273
474,adding_and_subtracting_fractions,4.090909091
295,exponents_1,3.0
640,subtracting_fractions,3.076923077
124,adding_subtracting_mixed_numbers_0.5,3.923076923
474,adding_and_subtracting_fractions,3.076923077
442,volume_box_nocover,4.636363636
415,volume_box,4.090909091
357,area_of_squares_and_rectangles,2.545454545
420,volume_container,4.181818182
431,simplifying_fractions,4.4
802,equivalent_fractions,4.8
128,division_1.5,4.3
348,recognizing_fractions_0.5,2.4
96,exponents_2,5.769230769
86,exponents_3,7.076923077
295,exponents_1,2.615384615
808,square_roots,2.769230769
373,converting_mixed_numbers_and_improper_fractions,4.0
200,greatest_common_divisor,6.75
261,multiplying_fractions,5.5
196,dividing_fractions_0.5,5.875
810,congruent_segments,3.125
376,fractions_on_the_number_line_1,1.5
431,simplifying_fractions,3.125
180,perimeter_of_squares_and_rectangles,5.166666667
348,recognizing_fractions_0.5,3.166666667
776,distributive_property,4.833333333
818,comparing_fractions_1,5.833333333
148,perimeter_deduction,5.166666667
727,order_of_operations,7.5
352,domain_and_range_0.5,8.333333333
682,triangle_types,2.555555556
858,quadrilateral_types,3.777777778
202,angles_of_a_polygon,4.777777778
50,angles_2,6.555555556
781,dividing_fractions_word_problems,6.0
633,number_line_2,3.333333333
260,counting_2,6.333333333
96,exponents_2,7.555555556
282,division_4,6.333333333
295,exponents_1,3.777777778
375,multiplying_and_dividing_negative_numbers,4.111111111
864,division_0.9,4.875
381,number_line_3,5.0
601,subtracting_decimals_0.5,5.625
188,hundred_million_adding_and_subtracting,6.875
262,subtracting_decimals,6.375
96,exponents_2,5.181818182
686,scientific_notation_intuition,3.272727273
295,exponents_1,1.909090909
265,simplifying_expressions_with_exponents,7.454545455
86,exponents_3,6.545454545
559,percentage_word_problems_2,7.888888889
367,converting_percents_to_decimals,5.0
799,markup_and_commission_word_problems,7.888888889
132,converting_decimals_to_fractions_1,5.111111111
346,converting_decimals_to_fractions_2,6.666666667
143,area_of_triangles_1,5.818181818
810,congruent_segments,3.636363636
821,measuring_segments,3.818181818
123,exploring_angle_pairs_1,5.272727273
437,recognizing_rays_lines_and_line_segments,2.818181818
292,angles_1,5.727272727
638,angle_addition_postulate,7.272727273
682,triangle_types,4.636363636
633,number_line_2,3.454545455
349,triangle_angles_1,6.272727273
460,divisibility_intuition,5.2
214,radius_diameter_and_circumference,5.7
562,arithmetic_word_problems_1,2.5
370,graphing_parabolas_0.5,7.8
464,division_2,3.9
541,distance_formula,4.333333333
432,factoring_difference_of_squares_3,5.444444444
94,linear_equations_2,3.666666667
604,pythagorean_theorem_1,3.666666667
814,degrees_to_radians,5.777777778
624,trigonometry_1,5.444444444
45,graphing_parabolas_1,7.2
688,angle_bisector_theorem,7.4
638,angle_addition_postulate,7.8
300,proportions_2,7.2
292,angles_1,5.4
682,triangle_types,4.0
778,vertical_angles,3.2
540,percentage_word_problems_1,5.1
860,discount_tax_and_tip_word_problems,4.7
367,converting_percents_to_decimals,2.1
346,converting_decimals_to_fractions_2,3.8
62,volume_container_hight,5.636363636
415,volume_box,4.909090909
853,surface_area_of_rectangular_boxes,4.272727273
715,area_1,2.454545455
812,areas_of_circles_and_sectors,5.4
42,circles_and_arcs,5.0
472,herons_formula,6.1
859,area_of_parallelograms,2.9
251,sectors_as_fraction_of_circles_1,3.0
542,permutations_1,4.818181818
85,graphing_systems_of_equations,4.818181818
130,graphing_linear_equations,3.909090909
602,composite_numbers,3.454545455
137,divisibility_0.5,3.545454545
623,divisibility,5.909090909
131,prime_numbers,3.0
62,volume_container_hight,4.166666667
415,volume_box,4.416666667
357,area_of_squares_and_rectangles,1.833333333
222,volume_space,4.25
218,ratio_word_problems,6.222222222
796,expressing_ratios_as_fractions,3.333333333
272,ratio_money,6.666666667
810,congruent_segments,6.066666667
273,volume_of_rectangular_boxes_3,7.466666667
384,area_of_a_circle,7.8
357,area_of_squares_and_rectangles,6.4
796,expressing_ratios_as_fractions,4.272727273
218,ratio_word_problems,5.454545455
431,simplifying_fractions,2.909090909
300,proportions_2,6.545454545
726,writing_proportions,5.181818182
633,number_line_2,4.636363636
802,equivalent_fractions,4.545454545
727,order_of_operations,6.272727273
348,recognizing_fractions_0.5,3.818181818
778,vertical_angles,2.5
682,triangle_types,2.5
123,exploring_angle_pairs_1,2.857142857
811,midpoint_of_a_segment,3.714285714
93,proportions_1,3.153846154
796,expressing_ratios_as_fractions,2.230769231
431,simplifying_fractions,2.076923077
213,congruent_angles,3.090909091
553,corresponding_angles_2,4.090909091
301,alternate_exterior_angles_2,4.818181818
287,congruency_postulates,6.727272727
552,graphing_points,1.777777778
373,converting_mixed_numbers_and_improper_fractions,2.666666667
563,factoring_difference_of_squares_1,5.888888889
806,scientific_notation,4.444444444
699,multiplying_expressions_0.5,4.555555556
89,multiplying_polynomials,6.111111111
258,adding_and_subtracting_polynomials,4.0
857,direct_and_inverse_variation,5.8
553,corresponding_angles_2,4.5
605,parallel_lines_1,2.5
434,parallel_lines_2,5.7
813,alternate_interior_angles,3.5
798,dividing_decimals_1,5.3
149,time_units_transformation_1,3.1
464,division_2,2.3
824,division_3,3.6
625,multiplication_4,3.8
426,congruent_triangles_1,4.555555556
287,congruency_postulates,4.333333333
290,absolute_value_equations,6.111111111
434,parallel_lines_2,4.222222222
814,degrees_to_radians,6.555555556
468,probability_1,5.666666667
665,absolute_value_add_sub,5.125
699,multiplying_expressions_0.5,6.0
295,exponents_1,3.625
349,triangle_angles_1,4.125
50,angles_2,6.75
682,triangle_types,3.0
347,multiplying_mixed_numbers_1,6.533333333
431,simplifying_fractions,3.733333333
302,adding_and_subtracting_negative_numbers,2.666666667
196,dividing_fractions_0.5,6.066666667
122,multiplying_fractions_0.5,4.8
633,number_line_2,3.1
355,place_value,1.7
601,subtracting_decimals_0.5,3.6
470,decimals_on_the_number_line_2,3.9
682,triangle_types,2.333333333
778,vertical_angles,2.833333333
292,angles_1,4.166666667
661,areas_of_trapezoids,3.416666667
631,plotting_the_line_of_best_fit,3.5
372,mean_median_and_mode,1.9
98,creating_box_and_whisker_plots,3.1
544,exploring_mean_and_median,2.7
781,dividing_fractions_word_problems,6.5
122,multiplying_fractions_0.5,3.833333333
802,equivalent_fractions,2.666666667
261,multiplying_fractions,3.833333333
726,writing_proportions,6.5
772,fraction_word_problems_1,2.833333333
431,simplifying_fractions,1.5
476,number_line,4.818181818
719,addition_2,5.363636364
465,ordering_fractions,4.333333333
194,metric_area_unit_conversion,5.0
630,comparing_fractions_2,2.833333333
357,area_of_squares_and_rectangles,2.5
268,division_word_problems_2,5.333333333
797,properties_of_numbers_1,3.5
209,converting_fractions_to_decimals,5.666666667
824,division_3,4.333333333
543,systems_of_equations_with_substitution,7.833333333
452,multiplication_2,2.666666667
423,linear_equations_3,3.727272727
138,linear_equations_4,4.636363636
604,pythagorean_theorem_1,4.272727273
722,same_side_interior_angles_2,4.818181818
213,congruent_angles,3.818181818
813,alternate_interior_angles,3.545454545
434,parallel_lines_2,4.909090909
553,corresponding_angles_2,3.909090909
783,solving_quadratics_by_taking_the_square_root,3.615384615
683,limits_1,5.538461538
805,solving_quadratics_by_factoring_2,4.0
812,areas_of_circles_and_sectors,5.0
859,area_of_parallelograms,1.7
126,solid_geometry,5.2
608,volume_of_cylinders,4.2
49,number_properties_terminology_1,4.888888889
282,division_4,6.777777778
516,decimals_on_the_number_line_1,3.111111111
375,multiplying_and_dividing_negative_numbers,5.444444444
58,properties_of_numbers_2,3.222222222
242,speed_equal_to_distance_divide_time,7.142857143
562,arithmetic_word_problems_1,3.0
546,writing_expressions_1,6.714285714
343,division_0.5,1.142857143
92,telling_time,2.285714286
817,telling_time_2,3.285714286
250,time_word_problem_2,4.857142857
552,graphing_points,2.181818182
347,multiplying_mixed_numbers_1,4.545454545
382,converting_decimals_to_percents,3.909090909
319,combining_like_terms_with_two_variables,6.727272727
480,multiplication_1,1.818181818
211,combining_like_terms_1,3.272727273
47,one_step_equations,3.181818182
661,areas_of_trapezoids,3.75
415,volume_box,6.125
357,area_of_squares_and_rectangles,2.75
715,area_1,2.5
256,ordering_numbers,6.75
806,scientific_notation,6.25
686,scientific_notation_intuition,5.916666667
96,exponents_2,7.0
467,multiplying_and_dividing_scientific_notation,7.583333333
303,subtraction_4,4.833333333
298,same_side_exterior_angles,4.166666667
263,alternate_interior_angles_2,5.0
433,quadratic_equation,7.333333333
553,corresponding_angles_2,4.333333333
434,parallel_lines_2,5.0
605,parallel_lines_1,2.833333333
377,dividing_decimals_2,3.333333333
684,prime_factorization,3.285714286
602,composite_numbers,2.714285714
139,least_common_multiple,3.142857143
131,prime_numbers,2.285714286
378,variance,7.5
372,mean_median_and_mode,2.6
797,properties_of_numbers_1,3.6
544,exploring_mean_and_median,4.6
143,area_of_triangles_1,2.875
449,equivalent_fractions_2,3.0
819,measuring_angles,2.5
437,recognizing_rays_lines_and_line_segments,2.0
600,corresponding_angles,4.428571429
810,congruent_segments,4.142857143
605,parallel_lines_1,4.571428571
560,segment_addition,6.285714286
813,alternate_interior_angles,4.857142857
134,addition_4,4.75
355,place_value,2.375
546,writing_expressions_1,6.375
152,integers_multiply_decimals,7.5
98,creating_box_and_whisker_plots,6.875
621,adding_decimals,4.875
463,adding_decimals_0.5,4.625
96,exponents_2,5.142857143
862,vertex_of_a_parabola,5.0
370,graphing_parabolas_0.5,4.714285714
49,number_properties_terminology_1,3.833333333
348,recognizing_fractions_0.5,1.5
58,properties_of_numbers_2,1.666666667
282,division_4,5.333333333
604,pythagorean_theorem_1,6.333333333
727,order_of_operations,4.166666667
86,exponents_3,6.222222222
295,exponents_1,2.333333333
375,multiplying_and_dividing_negative_numbers,2.0
793,exponent_rules,4.777777778
299,counting_1,2.444444444
783,solving_quadratics_by_taking_the_square_root,5.272727273
862,vertex_of_a_parabola,7.0
712,factoring_polynomials_1,4.545454545
805,solving_quadratics_by_factoring_2,5.636363636
44,solving_quadratics_by_factoring,5.181818182
287,congruency_postulates,5.636363636
292,angles_1,6.363636364
702,quadrilateral_angles,6.454545455
50,angles_2,6.909090909
299,counting_1,5.777777778
282,division_4,6.888888889
375,multiplying_and_dividing_negative_numbers,5.222222222
302,adding_and_subtracting_negative_numbers,4.777777778
604,pythagorean_theorem_1,6.230769231
821,measuring_segments,2.307692308
605,parallel_lines_1,5.615384615
560,segment_addition,6.538461538
368,alternate_exterior_angles,5.153846154
382,converting_decimals_to_percents,1.857142857
474,adding_and_subtracting_fractions,3.428571429
346,converting_decimals_to_fractions_2,2.714285714
621,adding_decimals,1.571428571
861,adding_and_subtracting_complex_numbers,5.428571429
799,markup_and_commission_word_problems,4.857142857
129,dividing_fractions,4.3
710,fractions_cut_and_copy_1,4.2
463,adding_decimals_0.5,2.7
295,exponents_1,1.875
564,recognizing_conic_sections,1.875
348,recognizing_fractions_0.5,3.727272727
750,perimeter_of_combined_shapes,5.727272727
49,number_properties_terminology_1,4.181818182
727,order_of_operations,6.363636364
549,subtracting_fractions_with_common_denominators,4.363636364
373,converting_mixed_numbers_and_improper_fractions,4.181818182
174,ordering_improper_fractions_and_mixed_numbers,5.727272727
431,simplifying_fractions,3.0
349,triangle_angles_1,3.0
637,fractions_on_the_number_line_2,2.909090909
562,arithmetic_word_problems_1,3.666666667
621,adding_decimals,4.444444444
719,addition_2,2.111111111
462,multiplication_0.5,2.111111111
705,representing_numbers,1.888888889
783,solving_quadratics_by_taking_the_square_root,3.166666667
862,vertex_of_a_parabola,5.416666667
370,graphing_parabolas_0.5,4.333333333
720,subtraction_1,2.625
516,decimals_on_the_number_line_1,4.125
476,number_line,2.25
266,addition_1,3.125
720,subtraction_1,4.923076923
540,percentage_word_problems_1,8.307692308
562,arithmetic_word_problems_1,2.636363636
179,arithmetic_word_problems_2,3.545454545
427,division_1,1.636363636
821,measuring_segments,2.888888889
462,multiplication_0.5,3.111111111
780,multiplication_1.5,3.888888889
480,multiplication_1,3.444444444
84,perimeter_1,3.0
427,division_1,5.0
864,division_0.9,4.888888889
241,metric_weight_unit_selection,2.777777778
778,vertical_angles,2.444444444
517,rounding_numbers,1.888888889
546,writing_expressions_1,4.0
747,metric_area_unit_comparison,4.444444444
151,metric_weight_unit_conversion,3.333333333
84,perimeter_1,3.7
148,perimeter_deduction,4.5
49,number_properties_terminology_1,4.5
115,arithmetic_reasoning,6.3
680,functions_2,4.9
94,linear_equations_2,2.7
423,linear_equations_3,3.7
290,absolute_value_equations,5.7
284,new_definitions_2,6.2
271,volume_box_cover,5.666666667
415,volume_box,4.888888889
357,area_of_squares_and_rectangles,1.777777778
122,multiplying_fractions_0.5,2.888888889
143,area_of_triangles_1,4.428571429
661,areas_of_trapezoids,5.071428571
407,volume_of_triangular_prisms,6.785714286
357,area_of_squares_and_rectangles,2.571428571
715,area_1,2.428571429
714,new_definitions_1,3.2
423,linear_equations_3,2.5
455,negative_number_word_problems,2.1
617,time_units_transformation_2,4.272727273
149,time_units_transformation_1,4.909090909
824,division_3,4.272727273
250,time_word_problem_2,4.909090909
228,time_units_transformation_3,5.5
149,time_units_transformation_1,4.4
824,division_3,5.5
250,time_word_problem_2,5.1
228,time_units_transformation_3,5.230769231
268,division_word_problems_2,5.461538462
387,telling_time_comparing,5.615384615
452,multiplication_2,3.384615385
250,time_word_problem_2,5.538461538
516,decimals_on_the_number_line_1,4.7
719,addition_2,4.3
626,linear_equations_1,1.857142857
94,linear_equations_2,2.714285714
423,linear_equations_3,4.714285714
386,expressions_with_unknown_variables,5.571428571
436,subtraction_3,1.428571429
430,age_word_problems,5.857142857
372,mean_median_and_mode,1.857142857
381,number_line_3,3.928571429
282,division_4,5.571428571
295,exponents_1,5.714285714
375,multiplying_and_dividing_negative_numbers,3.785714286
727,order_of_operations,5.357142857
796,expressing_ratios_as_fractions,3.153846154
93,proportions_1,3.307692308
431,simplifying_fractions,2.153846154
272,ratio_money,5.384615385
117,rate_problems_0.5,3.461538462
470,decimals_on_the_number_line_2,2.333333333
601,subtracting_decimals_0.5,3.333333333
262,subtracting_decimals,3.333333333
677,estimation_with_decimals,5.833333333
188,hundred_million_adding_and_subtracting,6.333333333
745,time_word_problem_1,5.0
367,converting_percents_to_decimals,2.142857143
643,arithmetic_word_problems,3.071428571
540,percentage_word_problems_1,3.428571429
134,addition_4,2.333333333
678,multiplying_decimals,7.166666667
622,multiplication_3,5.0
452,multiplication_2,3.0
134,addition_4,2.375
780,multiplication_1.5,2.125
179,arithmetic_word_problems_2,2.5
452,multiplication_2,2.25
625,multiplication_4,5.25
719,addition_2,3.666666667
49,number_properties_terminology_1,5.0
780,multiplication_1.5,7.222222222
462,multiplication_0.5,4.444444444
427,division_1,5.666666667
115,arithmetic_reasoning,7.444444444
776,distributive_property,4.571428571
519,identifying_points_2,5.285714286
678,multiplying_decimals,7.0
739,volume_unit_conversion,6.428571429
795,multiplying_fractions_word_problems,6.285714286
152,integers_multiply_decimals,6.571428571
381,number_line_3,3.3
262,subtracting_decimals,5.4
380,adding_negative_numbers,3.9
684,prime_factorization,2.818181818
131,prime_numbers,2.363636364
181,least_common_multiple_and_greatest_common_divisor_word_problems,6.181818182
602,composite_numbers,2.818181818
373,converting_mixed_numbers_and_improper_fractions,4.642857143
470,decimals_on_the_number_line_2,4.928571429
637,fractions_on_the_number_line_2,5.428571429
213,congruent_angles,6.142857143
821,measuring_segments,4.285714286
813,alternate_interior_angles,5.285714286
560,segment_addition,6.857142857
458,same_side_interior_angles,5.857142857
426,congruent_triangles_1,2.636363636
292,angles_1,4.363636364
114,areas_of_kites,4.363636364
126,solid_geometry,6.454545455
50,angles_2,4.090909091
515,recognizing_fractions,1.6
640,subtracting_fractions,7.1
773,adding_fractions_with_common_denominators,5.0
58,properties_of_numbers_2,2.1
727,order_of_operations,6.6
57,midpoint_formula,2.5
557,rate_problems_2,3.6
117,rate_problems_0.5,1.4
242,speed_equal_to_distance_divide_time,2.9
164,metric_weight_unit_word_problem,6.857142857
151,metric_weight_unit_conversion,6.0
517,rounding_numbers,4.571428571
635,significant_figures_1,5.285714286
684,prime_factorization,4.666666667
200,greatest_common_divisor,4.533333333
131,prime_numbers,3.266666667
602,composite_numbers,3.866666667
722,same_side_interior_angles_2,4.923076923
213,congruent_angles,4.0
813,alternate_interior_angles,3.769230769
434,parallel_lines_2,4.538461538
553,corresponding_angles_2,4.923076923
750,perimeter_of_combined_shapes,2.333333333
126,solid_geometry,4.666666667
384,area_of_a_circle,3.666666667
639,radians_to_degrees,4.111111111
859,area_of_parallelograms,2.111111111
50,angles_2,3.888888889
42,circles_and_arcs,3.888888889
550,adding_decimals_2,4.25
132,converting_decimals_to_fractions_1,4.25
633,number_line_2,3.0
382,converting_decimals_to_percents,5.25
346,converting_decimals_to_fractions_2,6.125
92,telling_time,2.625
799,markup_and_commission_word_problems,7.0
299,counting_1,3.272727273
260,counting_2,3.818181818
326,arithmetic_series_1,4.727272727
134,addition_4,1.181818182
542,permutations_1,4.909090909
517,rounding_numbers,3.571428571
145,converse_inverse_and_contrapositive,5.857142857
626,linear_equations_1,5.714285714
800,comparing_absolute_values,4.0
477,multiplying_radicals,7.428571429
474,adding_and_subtracting_fractions,6.428571429
183,evaluating_expressions_1,4.428571429
118,evaluating_expressions_2,6.285714286
729,graphing_points_2,4.0
814,degrees_to_radians,2.875
217,derivatives_1,4.75
683,limits_1,4.25
428,rounding_whole_numbers,4.25
151,metric_weight_unit_conversion,4.5
677,estimation_with_decimals,6.666666667
355,place_value,2.416666667
563,factoring_difference_of_squares_1,3.363636364
422,interpreting_linear_equations,2.0
699,multiplying_expressions_0.5,3.0
258,adding_and_subtracting_polynomials,3.0
679,multiplying_expressions_1,3.818181818
775,functions_1,4.6
626,linear_equations_1,2.2
423,linear_equations_3,3.2
862,vertex_of_a_parabola,8.2
463,adding_decimals_0.5,1.8
343,division_0.5,3.636363636
208,reading_tables_1,3.181818182
462,multiplication_0.5,2.363636364
480,multiplication_1,2.272727273
452,multiplication_2,4.727272727
263,alternate_interior_angles_2,6.0
802,equivalent_fractions,5.666666667
58,properties_of_numbers_2,2.888888889
812,areas_of_circles_and_sectors,8.333333333
715,area_1,4.555555556
727,order_of_operations,7.333333333
786,writing_fractions_1,6.333333333
473,subtraction_2,1.666666667
436,subtraction_3,3.333333333
134,addition_4,4.222222222
601,subtracting_decimals_0.5,4.444444444
250,time_word_problem_2,6.666666667
297,understanding_decimals_place_value,3.8
194,metric_area_unit_conversion,5.8
355,place_value,2.9
494,l_ml_word_problem,5.9
821,measuring_segments,4.833333333
560,segment_addition,6.166666667
437,recognizing_rays_lines_and_line_segments,2.5
384,area_of_a_circle,7.0
434,parallel_lines_2,6.0
422,interpreting_linear_equations,6.333333333
811,midpoint_of_a_segment,6.333333333
675,comparing_improper_fractions_and_mixed_numbers,3.7
373,converting_mixed_numbers_and_improper_fractions,3.2
431,simplifying_fractions,2.6
861,adding_and_subtracting_complex_numbers,4.777777778
296,absolute_value_of_complex_numbers,5.444444444
212,imaginary_unit_powers,4.111111111
816,adding_vectors,8.454545455
626,linear_equations_1,6.272727273
47,one_step_equations,6.272727273
540,percentage_word_problems_1,7.727272727
519,identifying_points_2,6.545454545
213,congruent_angles,4.222222222
381,number_line_3,4.333333333
821,measuring_segments,2.555555556
560,segment_addition,6.111111111
458,same_side_interior_angles,5.0
606,division_word_problems_1,5.571428571
780,multiplication_1.5,3.857142857
179,arithmetic_word_problems_2,6.142857143
343,division_0.5,3.0
146,the_fundamental_theorem_of_arithmetic,7.714285714
427,division_1,3.714285714
783,solving_quadratics_by_taking_the_square_root,4.5
563,factoring_difference_of_squares_1,3.6
295,exponents_1,3.4
89,multiplying_polynomials,3.5
864,division_0.9,4.555555556
128,division_1.5,6.0
358,division_1.4,5.888888889
480,multiplication_1,3.666666667
343,division_0.5,4.888888889
87,reading_pictographs_2,1.25
604,pythagorean_theorem_1,4.0
804,trigonometry_0.5,6.125
296,absolute_value_of_complex_numbers,6.25
261,multiplying_fractions,2.25
57,midpoint_formula,3.625
551,adding_and_subtracting_radicals,5.125
684,prime_factorization,4.727272727
706,divisibility_tests,5.545454545
137,divisibility_0.5,5.0
602,composite_numbers,5.454545455
460,divisibility_intuition,4.818181818
820,congruent_triangles_2,6.625
292,angles_1,5.875
114,areas_of_kites,4.875
727,order_of_operations,5.375
50,angles_2,7.0
134,addition_4,5.181818182
463,adding_decimals_0.5,4.909090909
719,addition_2,3.272727273
601,subtracting_decimals_0.5,6.090909091
299,counting_1,2.7
260,counting_2,2.9
103,arithmetic_sequences_3,5.0
775,functions_1,3.6
556,functions_3,6.9
680,functions_2,7.0
563,factoring_difference_of_squares_1,4.0
747,metric_area_unit_comparison,3.2
352,domain_and_range_0.5,4.2
859,area_of_parallelograms,2.5
42,circles_and_arcs,7.142857143
194,metric_area_unit_conversion,4.071428571
479,shaded_areas,5.5
666,sectors_as_fraction_of_circles_2,6.285714286
554,inscribed_angles_1,4.083333333
42,circles_and_arcs,5.583333333
251,sectors_as_fraction_of_circles_1,4.25
819,measuring_angles,4.181818182
123,exploring_angle_pairs_1,5.818181818
357,area_of_squares_and_rectangles,3.909090909
437,recognizing_rays_lines_and_line_segments,3.0
110,time_terminology,3.0
817,telling_time_2,4.818181818
704,telling_time_0.5,4.454545455
812,areas_of_circles_and_sectors,5.714285714
859,area_of_parallelograms,2.285714286
554,inscribed_angles_1,4.142857143
544,exploring_mean_and_median,3.214285714
50,angles_2,3.142857143
143,area_of_triangles_1,2.8
211,combining_like_terms_1,2.0
557,rate_problems_2,5.0
119,graphing_inequalities,5.2
600,corresponding_angles,4.444444444
356,dividing_decimals_0.5,5.111111111
560,segment_addition,6.777777778
287,congruency_postulates,6.555555556
605,parallel_lines_1,5.222222222
810,congruent_segments,3.777777778
375,multiplying_and_dividing_negative_numbers,4.777777778
612,volume_of_rectangular_boxes,3.166666667
384,area_of_a_circle,3.166666667
357,area_of_squares_and_rectangles,2.0
420,volume_container,3.666666667
715,area_1,1.833333333
796,expressing_ratios_as_fractions,1.857142857
194,metric_area_unit_conversion,3.571428571
817,telling_time_2,1.0
387,telling_time_comparing,2.571428571
810,congruent_segments,2.2
811,midpoint_of_a_segment,4.4
821,measuring_segments,2.7
813,alternate_interior_angles,2.5
437,recognizing_rays_lines_and_line_segments,1.4
96,exponents_2,6.538461538
86,exponents_3,7.538461538
295,exponents_1,4.153846154
348,recognizing_fractions_0.5,1.769230769
632,square_roots_2,5.615384615
268,division_word_problems_2,6.0
128,division_1.5,5.2
343,division_0.5,3.3
464,division_2,5.5
427,division_1,3.7
542,permutations_1,6.1
260,counting_2,5.3
468,probability_1,4.5
640,subtracting_fractions,4.272727273
773,adding_fractions_with_common_denominators,1.818181818
132,converting_decimals_to_fractions_1,3.363636364
295,exponents_1,5.272727273
141,absolute_value,4.0
381,number_line_3,4.769230769
698,ordering_negative_numbers,3.076923077
302,adding_and_subtracting_negative_numbers,5.153846154
661,areas_of_trapezoids,5.5
132,converting_decimals_to_fractions_1,3.75
515,recognizing_fractions,1.375
382,converting_decimals_to_percents,3.5
302,adding_and_subtracting_negative_numbers,3.375
786,writing_fractions_1,2.625
91,creating_bar_charts_1,2.375
822,axis_of_symmetry,2.5
820,congruent_triangles_2,4.5
264,similar_triangles_1,4.5
716,solving_similar_triangles_1,5.125
426,congruent_triangles_1,5.0
814,degrees_to_radians,5.333333333
820,congruent_triangles_2,4.777777778
353,similar_triangles_2,6.0
287,congruency_postulates,6.333333333
684,prime_factorization,6.0
706,divisibility_tests,4.636363636
137,divisibility_0.5,5.272727273
460,divisibility_intuition,3.454545455
373,converting_mixed_numbers_and_improper_fractions,3.714285714
289,adding_fractions,5.0
474,adding_and_subtracting_fractions,5.714285714
727,order_of_operations,4.714285714
726,writing_proportions,7.142857143
843,time_word_problem_4,4.0
431,simplifying_fractions,2.428571429
152,integers_multiply_decimals,7.4
621,adding_decimals,3.8
262,subtracting_decimals,6.1
303,subtraction_4,4.7
436,subtraction_3,3.3
781,dividing_fractions_word_problems,2.25
716,solving_similar_triangles_1,3.0
688,angle_bisector_theorem,5.75
178,similar_triangles_review,1.5
353,similar_triangles_2,2.25
352,domain_and_range_0.5,6.0
97,solving_similar_triangles_2,5.666666667
357,area_of_squares_and_rectangles,1.666666667
263,alternate_interior_angles_2,3.666666667
847,triangle_angles_sum,2.333333333
353,similar_triangles_2,4.666666667
264,similar_triangles_1,2.666666667
640,subtracting_fractions,3.0
776,distributive_property,3.666666667
474,adding_and_subtracting_fractions,2.333333333
546,writing_expressions_1,4.666666667
124,adding_subtracting_mixed_numbers_0.5,2.666666667
151,metric_weight_unit_conversion,5.0
258,adding_and_subtracting_polynomials,5.666666667
266,addition_1,1.0
183,evaluating_expressions_1,4.0
687,writing_expressions_2,6.333333333
48,one_step_inequalities,5.333333333
211,combining_like_terms_1,4.0
47,one_step_equations,3.0
183,evaluating_expressions_1,4.333333333
256,ordering_numbers,3.0
263,alternate_interior_angles_2,4.333333333
684,prime_factorization,4.333333333
149,time_units_transformation_1,3.333333333
727,order_of_operations,5.666666667
139,least_common_multiple,5.666666667
131,prime_numbers,4.333333333
538,exponents_4,8.0
431,simplifying_fractions,3.666666667
181,least_common_multiple_and_greatest_common_divisor_word_problems,7.666666667
808,square_roots,7.666666667
204,reading_pictographs_1,4.0
562,arithmetic_word_problems_1,5.333333333
780,multiplication_1.5,6.666666667
452,multiplication_2,6.666666667
480,multiplication_1,5.666666667
521,parabola_intuition_3,7.666666667
780,multiplication_1.5,6.333333333
208,reading_tables_1,4.333333333
815,reading_bar_charts_1,4.666666667
864,division_0.9,4.0
151,metric_weight_unit_conversion,5.666666667
541,distance_formula,5.75
604,pythagorean_theorem_1,6.25
562,arithmetic_word_problems_1,2.25
296,absolute_value_of_complex_numbers,6.75
551,adding_and_subtracting_radicals,7.5
479,shaded_areas,5.25
835,ratio_discount,3.666666667
218,ratio_word_problems,4.333333333
198,factoring_difference_of_squares_2,7.333333333
286,same_side_exterior_angles_2,4.333333333
727,order_of_operations,4.666666667
49,number_properties_terminology_1,4.666666667
797,properties_of_numbers_1,5.666666667
208,reading_tables_1,3.0
727,order_of_operations,5.333333333
174,ordering_improper_fractions_and_mixed_numbers,5.666666667
375,multiplying_and_dividing_negative_numbers,4.0
302,adding_and_subtracting_negative_numbers,3.666666667
228,time_units_transformation_3,1.5
631,plotting_the_line_of_best_fit,4.5
563,factoring_difference_of_squares_1,3.75
432,factoring_difference_of_squares_3,6.0
118,evaluating_expressions_2,3.0
89,multiplying_polynomials,3.75
793,exponent_rules,5.333333333
265,simplifying_expressions_with_exponents,6.0
806,scientific_notation,6.333333333
96,exponents_2,6.0
295,exponents_1,5.666666667
251,sectors_as_fraction_of_circles_1,3.666666667
51,angle_types,1.666666667
807,complementary_angles,4.333333333
454,complementary_and_supplementary_angles,5.666666667
437,recognizing_rays_lines_and_line_segments,2.333333333
679,multiplying_expressions_1,6.666666667
775,functions_1,4.0
94,linear_equations_2,2.666666667
423,linear_equations_3,2.666666667
138,linear_equations_4,4.333333333
269,division_2.9,1.333333333
273,volume_of_rectangular_boxes_3,2.333333333
449,equivalent_fractions_2,4.666666667
289,adding_fractions,4.666666667
93,proportions_1,4.666666667
773,adding_fractions_with_common_denominators,2.666666667
218,ratio_word_problems,6.0
478,even_and_odd_functions,7.333333333
431,simplifying_fractions,3.333333333
626,linear_equations_1,4.666666667
357,area_of_squares_and_rectangles,2.333333333
177,systems_of_equations_with_elimination_0.5,6.666666667
477,multiplying_radicals,5.666666667
319,combining_like_terms_with_two_variables,6.0
211,combining_like_terms_1,4.333333333
542,permutations_1,8.0
477,multiplying_radicals,6.333333333
539,simplifying_radicals,6.333333333
295,exponents_1,4.0
471,combining_like_terms_2,6.333333333
465,ordering_fractions,3.333333333
415,volume_box,5.0
407,volume_of_triangular_prisms,3.333333333
715,area_1,2.0
666,sectors_as_fraction_of_circles_2,4.333333333
612,volume_of_rectangular_boxes,3.333333333
273,volume_of_rectangular_boxes_3,3.0
58,properties_of_numbers_2,2.666666667
473,subtraction_2,2.333333333
387,telling_time_comparing,4.666666667
817,telling_time_2,4.666666667
352,domain_and_range_0.5,7.666666667
742,time_word_problem_3,6.0
750,perimeter_of_combined_shapes,6.333333333
53,compound_inequalities,7.666666667
180,perimeter_of_squares_and_rectangles,5.333333333
84,perimeter_1,4.666666667
242,speed_equal_to_distance_divide_time,7.666666667
542,permutations_1,7.333333333
634,factoring_polynomials_by_grouping_1,4.666666667
712,factoring_polynomials_1,3.333333333
783,solving_quadratics_by_taking_the_square_root,7.0
62,volume_container_hight,3.0
679,multiplying_expressions_1,3.666666667
675,comparing_improper_fractions_and_mixed_numbers,3.666666667
373,converting_mixed_numbers_and_improper_fractions,3.333333333
289,adding_fractions,3.333333333
182,adding_subtracting_mixed_numbers_1,5.666666667
474,adding_and_subtracting_fractions,3.333333333
208,reading_tables_1,1.333333333
778,vertical_angles,6.0
550,adding_decimals_2,5.666666667
216,vertical_angles_2,7.666666667
493,measuring_and_comparing_angles,3.0
637,fractions_on_the_number_line_2,5.666666667
271,volume_box_cover,7.0
329,surface_area_of_cylinders,7.0
384,area_of_a_circle,5.333333333
859,area_of_parallelograms,2.0
812,areas_of_circles_and_sectors,7.0
317,finding_axis_of_symmetry,2.666666667
94,linear_equations_2,5.0
423,linear_equations_3,6.0
138,linear_equations_4,7.0
129,dividing_fractions,3.666666667
407,volume_of_triangular_prisms,5.666666667
796,expressing_ratios_as_fractions,2.666666667
352,domain_and_range_0.5,4.0
775,functions_1,3.0
640,subtracting_fractions,3.333333333
680,functions_2,3.666666667
145,converse_inverse_and_contrapositive,5.0
478,even_and_odd_functions,4.666666667
352,domain_and_range_0.5,3.0
626,linear_equations_1,4.0
268,division_word_problems_2,2.333333333
689,scaling_vectors,6.0
778,vertical_angles,1.666666667
480,multiplication_1,1.666666667
471,combining_like_terms_2,3.333333333
283,inequalities_on_a_number_line,4.0
110,time_terminology,3.5
84,perimeter_1,3.5
180,perimeter_of_squares_and_rectangles,3.5
301,alternate_exterior_angles_2,7.25
309,radius_and_diameter,5.5
727,order_of_operations,7.25
775,functions_1,6.0
96,exponents_2,7.333333333
118,evaluating_expressions_2,5.333333333
48,one_step_inequalities,5.666666667
471,combining_like_terms_2,5.333333333
631,plotting_the_line_of_best_fit,3.666666667
683,limits_1,4.0
350,derivative_intuition,6.333333333
433,quadratic_equation,5.333333333
284,new_definitions_2,4.333333333
217,derivatives_1,5.333333333
539,simplifying_radicals,8.333333333
633,number_line_2,7.0
87,reading_pictographs_2,6.0
326,arithmetic_series_1,8.666666667
780,multiplication_1.5,7.333333333
208,reading_tables_1,6.0
459,reading_tables_2,7.0
367,converting_percents_to_decimals,2.666666667
678,multiplying_decimals,3.333333333
132,converting_decimals_to_fractions_1,2.666666667
559,percentage_word_problems_2,5.333333333
860,discount_tax_and_tip_word_problems,5.666666667
346,converting_decimals_to_fractions_2,3.0
772,fraction_word_problems_1,2.333333333
718,limits_2,7.666666667
85,graphing_systems_of_equations,5.666666667
342,systems_of_equations,5.333333333
543,systems_of_equations_with_substitution,5.333333333
621,adding_decimals,3.666666667
467,multiplying_and_dividing_scientific_notation,8.333333333
303,subtraction_4,3.666666667
704,telling_time_0.5,4.0
476,number_line,2.5
516,decimals_on_the_number_line_1,4.75
719,addition_2,3.75
130,graphing_linear_equations,8.0
473,subtraction_2,4.0
798,dividing_decimals_1,7.25
745,time_word_problem_1,6.5
355,place_value,3.0
265,simplifying_expressions_with_exponents,8.333333333
633,number_line_2,4.333333333
517,rounding_numbers,6.333333333
550,adding_decimals_2,4.666666667
188,hundred_million_adding_and_subtracting,5.666666667
47,one_step_equations,5.666666667
542,permutations_1,5.333333333
631,plotting_the_line_of_best_fit,2.666666667
781,dividing_fractions_word_problems,4.0
299,counting_1,2.333333333
260,counting_2,3.666666667
288,independent_probability,5.0
678,multiplying_decimals,6.333333333
494,l_ml_word_problem,5.666666667
558,reading_line_charts_1,4.0
459,reading_tables_2,3.666666667
431,simplifying_fractions,5.0
630,comparing_fractions_2,4.25
517,rounding_numbers,3.25
428,rounding_whole_numbers,3.25
264,similar_triangles_1,5.75
747,metric_area_unit_comparison,5.5
151,metric_weight_unit_conversion,5.5
705,representing_numbers,1.0
329,surface_area_of_cylinders,5.666666667
589,operations_with_negative_numbers,7.666666667
380,adding_negative_numbers,4.666666667
141,absolute_value,3.666666667
698,ordering_negative_numbers,3.0
375,multiplying_and_dividing_negative_numbers,5.666666667
686,scientific_notation_intuition,3.666666667
451,logarithms_2,5.333333333
210,dividing_decimals,3.0
96,exponents_2,4.0
86,exponents_3,4.666666667
295,exponents_1,3.666666667
821,measuring_segments,2.333333333
549,subtracting_fractions_with_common_denominators,4.666666667
289,adding_fractions,6.333333333
630,comparing_fractions_2,6.0
131,prime_numbers,6.666666667
431,simplifying_fractions,4.0
786,writing_fractions_1,3.333333333
476,number_line,1.666666667
818,comparing_fractions_1,4.666666667
465,ordering_fractions,7.333333333
256,ordering_numbers,6.333333333
146,the_fundamental_theorem_of_arithmetic,3.666666667
552,graphing_points,2.333333333
380,adding_negative_numbers,1.666666667
455,negative_number_word_problems,5.333333333
302,adding_and_subtracting_negative_numbers,2.333333333
159,absolute_values_meaning,2.666666667
180,perimeter_of_squares_and_rectangles,5.0
86,exponents_3,8.333333333
491,parts_of_circles,3.0
727,order_of_operations,6.666666667
807,complementary_angles,5.666666667
686,scientific_notation_intuition,3.0
793,exponent_rules,4.0
806,scientific_notation,3.333333333
381,number_line_3,1.666666667
739,volume_unit_conversion,2.666666667
635,significant_figures_1,2.666666667
93,proportions_1,4.25
432,factoring_difference_of_squares_3,7.5
218,ratio_word_problems,5.0
268,division_word_problems_2,2.75
796,expressing_ratios_as_fractions,3.75
431,simplifying_fractions,2.25
460,divisibility_intuition,4.666666667
776,distributive_property,7.333333333
455,negative_number_word_problems,7.333333333
633,number_line_2,5.0
262,subtracting_decimals,7.0
698,ordering_negative_numbers,5.666666667
357,area_of_squares_and_rectangles,5.0
348,recognizing_fractions_0.5,4.0
776,distributive_property,6.333333333
727,order_of_operations,7.0
288,independent_probability,7.0
317,finding_axis_of_symmetry,4.0
44,solving_quadratics_by_factoring,4.25
289,adding_fractions,1.5
433,quadratic_equation,6.75
85,graphing_systems_of_equations,4.25
712,factoring_polynomials_1,4.0
803,completing_the_square_1,5.0
180,perimeter_of_squares_and_rectangles,6.666666667
473,subtraction_2,6.666666667
436,subtraction_3,6.666666667
159,absolute_values_meaning,7.333333333
92,telling_time,6.333333333
704,telling_time_0.5,6.0
110,time_terminology,4.0
202,angles_of_a_polygon,8.0
473,subtraction_2,3.0
720,subtraction_1,1.333333333
303,subtraction_4,6.333333333
141,absolute_value,4.333333333
250,time_word_problem_2,7.333333333
819,measuring_angles,4.666666667
807,complementary_angles,6.666666667
117,rate_problems_0.5,6.666666667
437,recognizing_rays_lines_and_line_segments,5.333333333
384,area_of_a_circle,8.0
638,angle_addition_postulate,7.666666667
709,chain_rule_1,8.333333333
516,decimals_on_the_number_line_1,4.333333333
719,addition_2,4.333333333
381,number_line_3,5.666666667
559,percentage_word_problems_2,7.333333333
369,fractions_cut_and_copy_2,6.666666667
463,adding_decimals_0.5,5.333333333
807,complementary_angles,3.666666667
778,vertical_angles,2.666666667
386,expressions_with_unknown_variables,6.666666667
267,supplementary_angles,4.666666667
123,exploring_angle_pairs_1,2.666666667
847,triangle_angles_sum,3.0
377,dividing_decimals_2,3.666666667
798,dividing_decimals_1,3.666666667
678,multiplying_decimals,4.0
458,same_side_interior_angles,3.333333333
560,segment_addition,3.0
268,division_word_problems_2,3.0
301,alternate_exterior_angles_2,7.0
251,sectors_as_fraction_of_circles_1,6.333333333
458,same_side_interior_angles,5.333333333
213,congruent_angles,4.333333333
368,alternate_exterior_angles,5.333333333
541,distance_formula,5.0
702,quadrilateral_angles,3.333333333
539,simplifying_radicals,4.666666667
804,trigonometry_0.5,6.333333333
666,sectors_as_fraction_of_circles_2,5.333333333
551,adding_and_subtracting_radicals,6.666666667
606,division_word_problems_1,6.0
426,congruent_triangles_1,6.333333333
128,division_1.5,4.333333333
824,division_3,6.0
480,multiplication_1,1.333333333
427,division_1,2.666666667
816,adding_vectors,8.0
688,angle_bisector_theorem,6.333333333
382,converting_decimals_to_percents,5.0
857,direct_and_inverse_variation,7.666666667
847,triangle_angles_sum,3.666666667
349,triangle_angles_1,5.333333333
786,writing_fractions_1,2.666666667
640,subtracting_fractions,6.0
549,subtracting_fractions_with_common_denominators,4.333333333
265,simplifying_expressions_with_exponents,8.666666667
689,scaling_vectors,8.0
786,writing_fractions_1,4.333333333
259,triangle_inequality_theorem,2.666666667
539,simplifying_radicals,4.333333333
183,evaluating_expressions_1,3.666666667
211,combining_like_terms_1,3.333333333
551,adding_and_subtracting_radicals,6.333333333
152,integers_multiply_decimals,3.25
477,multiplying_radicals,7.5
163,integers_multiply_decimals2,4.25
625,multiplication_4,3.25
622,multiplication_3,3.0
674,understanding_moving_the_decimal,2.25
45,graphing_parabolas_1,8.0
678,multiplying_decimals,4.75
824,division_3,3.75
222,volume_space,6.75
674,understanding_moving_the_decimal,3.75
797,properties_of_numbers_1,4.666666667
727,order_of_operations,7.666666667
48,one_step_inequalities,7.666666667
375,multiplying_and_dividing_negative_numbers,6.333333333
704,telling_time_0.5,4.666666667
460,divisibility_intuition,3.666666667
750,perimeter_of_combined_shapes,4.666666667
50,angles_2,7.666666667
858,quadrilateral_types,4.0
292,angles_1,7.333333333
602,composite_numbers,5.666666667
42,circles_and_arcs,7.0
242,speed_equal_to_distance_divide_time,5.0
454,complementary_and_supplementary_angles,4.333333333
778,vertical_angles,3.0
384,area_of_a_circle,4.666666667
267,supplementary_angles,3.333333333
123,exploring_angle_pairs_1,5.333333333
719,addition_2,4.75
470,decimals_on_the_number_line_2,6.75
289,adding_fractions,7.0
85,graphing_systems_of_equations,8.0
562,arithmetic_word_problems_1,5.0
705,representing_numbers,2.0
356,dividing_decimals_0.5,3.333333333
298,same_side_exterior_angles,2.666666667
716,solving_similar_triangles_1,5.666666667
282,division_4,4.333333333
824,division_3,3.666666667
377,dividing_decimals_2,6.0
375,multiplying_and_dividing_negative_numbers,5.0
381,number_line_3,3.0
159,absolute_values_meaning,5.666666667
380,adding_negative_numbers,2.333333333
165,l_ml_transform,4.333333333
811,midpoint_of_a_segment,6.0
813,alternate_interior_angles,1.333333333
131,prime_numbers,1.0
683,limits_1,4.333333333
350,derivative_intuition,3.666666667
718,limits_2,4.666666667
813,alternate_interior_angles,2.0
450,systems_of_equations_with_elimination,5.666666667
85,graphing_systems_of_equations,5.333333333
543,systems_of_equations_with_substitution,4.333333333
130,graphing_linear_equations,4.333333333
214,radius_diameter_and_circumference,2.333333333
546,writing_expressions_1,3.333333333
564,recognizing_conic_sections,4.0
258,adding_and_subtracting_polynomials,3.666666667
640,subtracting_fractions,2.0
808,square_roots,3.333333333
863,logarithms_1,6.0
686,scientific_notation_intuition,4.0
215,conditional_statements_2,5.333333333
295,exponents_1,2.666666667
541,distance_formula,3.5
544,exploring_mean_and_median,2.5
686,scientific_notation_intuition,3.25
96,exponents_2,3.25
86,exponents_3,4.0
823,average_word_problems,2.25
97,solving_similar_triangles_2,5.333333333
564,recognizing_conic_sections,2.666666667
625,multiplication_4,3.666666667
135,the_complex_plane,4.333333333
212,imaginary_unit_powers,5.333333333
258,adding_and_subtracting_polynomials,4.333333333
129,dividing_fractions,5.0
643,arithmetic_word_problems,6.0
261,multiplying_fractions,3.666666667
369,fractions_cut_and_copy_2,6.333333333
57,midpoint_formula,5.0
376,fractions_on_the_number_line_1,2.333333333
94,linear_equations_2,4.0
423,linear_equations_3,3.666666667
126,solid_geometry,5.0
430,age_word_problems,6.0
48,one_step_inequalities,4.333333333
558,reading_line_charts_1,1.333333333
329,surface_area_of_cylinders,5.0
558,reading_line_charts_1,3.666666667
817,telling_time_2,2.333333333
815,reading_bar_charts_1,3.0
348,recognizing_fractions_0.5,2.0
807,complementary_angles,3.0
386,expressions_with_unknown_variables,3.333333333
712,factoring_polynomials_1,4.333333333
589,operations_with_negative_numbers,4.0
175,factoring_polynomials_2,5.333333333
805,solving_quadratics_by_factoring_2,6.0
635,significant_figures_1,3.0
96,exponents_2,6.75
86,exponents_3,6.25
372,mean_median_and_mode,1.5
287,congruency_postulates,6.666666667
152,integers_multiply_decimals,4.333333333
621,adding_decimals,3.0
808,square_roots,6.333333333
862,vertex_of_a_parabola,8.0
91,creating_bar_charts_1,5.333333333
459,reading_tables_2,6.0
457,reading_bar_charts_3,6.333333333
815,reading_bar_charts_1,4.333333333
624,trigonometry_1,8.666666667
822,axis_of_symmetry,5.0
772,fraction_word_problems_1,6.25
773,adding_fractions_with_common_denominators,2.5
131,prime_numbers,5.25
824,division_3,5.0
796,expressing_ratios_as_fractions,7.5
135,the_complex_plane,7.75
216,vertical_angles_2,2.333333333
804,trigonometry_0.5,4.333333333
241,metric_weight_unit_selection,1.0
539,simplifying_radicals,3.333333333
143,area_of_triangles_1,3.0
583,volume_of_rectangular_boxes_2,8.0
629,solutions_to_systems_of_equations,7.333333333
705,representing_numbers,1.333333333
242,speed_equal_to_distance_divide_time,4.0
552,graphing_points,2.0
47,one_step_equations,4.0
463,adding_decimals_0.5,2.666666667
631,plotting_the_line_of_best_fit,5.666666667
683,limits_1,8.666666667
269,division_2.9,6.0
343,division_0.5,5.0
358,division_1.4,5.0
480,multiplication_1,4.0
702,quadrilateral_angles,4.0
858,quadrilateral_types,3.333333333
478,even_and_odd_functions,8.0
181,least_common_multiple_and_greatest_common_divisor_word_problems,6.333333333
50,angles_2,6.0
292,angles_1,4.666666667
781,dividing_fractions_word_problems,4.666666667
722,same_side_interior_angles_2,4.333333333
612,volume_of_rectangular_boxes,4.666666667
583,volume_of_rectangular_boxes_2,6.0
130,graphing_linear_equations,6.0
48,one_step_inequalities,3.333333333
543,systems_of_equations_with_substitution,4.0
450,systems_of_equations_with_elimination,4.333333333
750,perimeter_of_combined_shapes,1.666666667
342,systems_of_equations,3.0
132,converting_decimals_to_fractions_1,6.333333333
780,multiplication_1.5,5.333333333
208,reading_tables_1,2.333333333
824,division_3,7.0
480,multiplication_1,2.0
159,absolute_values_meaning,6.0
177,systems_of_equations_with_elimination_0.5,4.666666667
450,systems_of_equations_with_elimination,5.0
386,expressions_with_unknown_variables,4.0
387,telling_time_comparing,2.0
543,systems_of_equations_with_substitution,4.666666667
600,corresponding_angles,5.0
560,segment_addition,5.666666667
437,recognizing_rays_lines_and_line_segments,1.666666667
605,parallel_lines_1,5.333333333
803,completing_the_square_1,7.333333333
422,interpreting_linear_equations,6.0
722,same_side_interior_angles_2,6.333333333
552,graphing_points,3.666666667
519,identifying_points_2,5.333333333
540,percentage_word_problems_1,5.666666667
422,interpreting_linear_equations,5.0
47,one_step_equations,5.0
675,comparing_improper_fractions_and_mixed_numbers,5.666666667
373,converting_mixed_numbers_and_improper_fractions,4.333333333
93,proportions_1,6.0
450,systems_of_equations_with_elimination,7.666666667
381,number_line_3,4.666666667
431,simplifying_fractions,4.333333333
548,fractions_on_the_number_line_3,5.0
557,rate_problems_2,5.333333333
800,comparing_absolute_values,3.0
515,recognizing_fractions,1.333333333
159,absolute_values_meaning,4.666666667
141,absolute_value,2.333333333
302,adding_and_subtracting_negative_numbers,3.333333333
449,equivalent_fractions_2,2.666666667
468,probability_1,5.0
85,graphing_systems_of_equations,6.333333333
117,rate_problems_0.5,3.333333333
176,rate_problems_1,4.666666667
796,expressing_ratios_as_fractions,5.0
462,multiplication_0.5,1.333333333
261,multiplying_fractions,6.0
176,rate_problems_1,7.0
262,subtracting_decimals,4.0
542,permutations_1,8.75
134,addition_4,1.75
678,multiplying_decimals,6.5
601,subtracting_decimals_0.5,2.0
621,adding_decimals,2.0
622,multiplication_3,3.25
264,similar_triangles_1,4.75
680,functions_2,7.666666667
348,recognizing_fractions_0.5,3.333333333
544,exploring_mean_and_median,5.0
552,graphing_points,2.666666667
813,alternate_interior_angles,4.0
617,time_units_transformation_2,3.333333333
519,identifying_points_2,5.0
466,slope_of_a_line,6.666666667
729,graphing_points_2,3.333333333
355,place_value,3.25
472,herons_formula,8.75
550,adding_decimals_2,6.75
428,rounding_whole_numbers,6.25
165,l_ml_transform,4.5
297,understanding_decimals_place_value,4.75
637,fractions_on_the_number_line_2,5.25
43,inscribed_angles_3,5.666666667
293,logical_arguments_deductive_reasoning,6.333333333
554,inscribed_angles_1,5.0
635,significant_figures_1,3.333333333
42,circles_and_arcs,6.333333333
371,inscribed_angles_2,5.25
241,metric_weight_unit_selection,2.25
604,pythagorean_theorem_1,5.75
859,area_of_parallelograms,3.75
42,circles_and_arcs,5.75
126,solid_geometry,7.0
407,volume_of_triangular_prisms,6.0
858,quadrilateral_types,3.666666667
292,angles_1,6.0
114,areas_of_kites,5.333333333
369,fractions_cut_and_copy_2,5.666666667
120,radical_equations,7.666666667
299,counting_1,2.0
808,square_roots,4.0
604,pythagorean_theorem_1,5.333333333
461,cube_roots,4.0
370,graphing_parabolas_0.5,7.0
53,compound_inequalities,6.333333333
130,graphing_linear_equations,2.666666667
119,graphing_inequalities,5.666666667
683,limits_1,7.333333333
426,congruent_triangles_1,3.0
282,division_4,3.0
820,congruent_triangles_2,3.666666667
714,new_definitions_1,4.666666667
110,time_terminology,4.333333333
266,addition_1,2.0
721,identifying_points_1,7.666666667
562,arithmetic_word_problems_1,6.333333333
720,subtraction_1,2.0
272,ratio_money,7.333333333
626,linear_equations_1,3.666666667
176,rate_problems_1,5.0
687,writing_expressions_2,4.666666667
211,combining_like_terms_1,3.0
164,metric_weight_unit_word_problem,8.5
719,addition_2,6.75
266,addition_1,4.5
449,equivalent_fractions_2,8.25
473,subtraction_2,6.75
183,evaluating_expressions_1,8.0
783,solving_quadratics_by_taking_the_square_root,5.333333333
45,graphing_parabolas_1,5.333333333
41,parabola_intuition_1,5.0
434,parallel_lines_2,2.666666667
302,adding_and_subtracting_negative_numbers,1.666666667
560,segment_addition,4.666666667
265,simplifying_expressions_with_exponents,7.0
450,systems_of_equations_with_elimination,6.333333333
349,triangle_angles_1,3.666666667
631,plotting_the_line_of_best_fit,6.666666667
814,degrees_to_radians,7.333333333
459,reading_tables_2,4.666666667
700,reading_bar_charts_2,5.666666667
815,reading_bar_charts_1,5.0
823,average_word_problems,7.0
380,adding_negative_numbers,3.333333333
824,division_3,3.333333333
264,similar_triangles_1,5.333333333
455,negative_number_word_problems,6.333333333
302,adding_and_subtracting_negative_numbers,4.333333333
149,time_units_transformation_1,6.0
269,division_2.9,4.0
780,multiplication_1.5,3.666666667
464,division_2,4.666666667
452,multiplication_2,3.333333333
454,complementary_and_supplementary_angles,5.333333333
817,telling_time_2,3.0
138,linear_equations_4,5.333333333
258,adding_and_subtracting_polynomials,5.333333333
135,the_complex_plane,4.666666667
449,equivalent_fractions_2,5.0
347,multiplying_mixed_numbers_1,7.333333333
818,comparing_fractions_1,5.666666667
589,operations_with_negative_numbers,5.666666667
124,adding_subtracting_mixed_numbers_0.5,6.0
194,metric_area_unit_conversion,5.666666667
788,l_ml_time_div,5.0
634,factoring_polynomials_by_grouping_1,7.25
165,l_ml_transform,2.5
562,arithmetic_word_problems_1,2.0
369,fractions_cut_and_copy_2,5.75
297,understanding_decimals_place_value,2.75
348,recognizing_fractions_0.5,5.0
517,rounding_numbers,6.0
209,converting_fractions_to_decimals,8.333333333
211,combining_like_terms_1,7.333333333
786,writing_fractions_1,6.666666667
742,time_word_problem_3,5.666666667
51,angle_types,2.333333333
267,supplementary_angles,5.333333333
683,limits_1,7.666666667
583,volume_of_rectangular_boxes_2,7.333333333
269,division_2.9,3.333333333
85,graphing_systems_of_equations,7.666666667
282,division_4,5.666666667
464,division_2,4.0
824,division_3,4.0
558,reading_line_charts_1,3.0
449,equivalent_fractions_2,6.0
348,recognizing_fractions_0.5,1.666666667
797,properties_of_numbers_1,3.666666667
515,recognizing_fractions,2.333333333
543,systems_of_equations_with_substitution,7.0
375,multiplying_and_dividing_negative_numbers,5.333333333
786,writing_fractions_1,3.666666667
684,prime_factorization,4.0
131,prime_numbers,4.0
602,composite_numbers,4.333333333
146,the_fundamental_theorem_of_arithmetic,4.0
151,metric_weight_unit_conversion,4.666666667
548,fractions_on_the_number_line_3,3.666666667
293,logical_arguments_deductive_reasoning,4.666666667
473,subtraction_2,1.333333333
719,addition_2,1.333333333
857,direct_and_inverse_variation,4.0
287,congruency_postulates,6.25
88,lhopitals_rule,8.25
430,age_word_problems,4.0
820,congruent_triangles_2,3.75
50,angles_2,5.75
626,linear_equations_1,2.333333333
94,linear_equations_2,3.333333333
857,direct_and_inverse_variation,6.0
216,vertical_angles_2,5.666666667
459,reading_tables_2,1.333333333
241,metric_weight_unit_selection,2.0
517,rounding_numbers,3.333333333
428,rounding_whole_numbers,3.333333333
194,metric_area_unit_conversion,5.333333333
123,exploring_angle_pairs_1,3.666666667
