0,conic-sections
1,area-perimeter-and-volume
2,circle-properties
3,quadtratics
4,algebra-functions
5,solving-linear-equations-and-inequalities
6,order-of-operations
7,triangle-properties
8,segments-and-angles
9,addition-subtraction
10,systems-of-eq-and-ineq
11,pythagorean-theorem
12,quadrilaterals-and-polygons
13,basic-geometry
14,fractions
15,polynomials
16,rates-and-ratios
17,decimals
18,similar-triangle
19,sequence_and_series
20,vectors-matrix
21,nan
22,transformations
23,exponents-radicals
24,statistics
25,calculus
26,telling-time
27,biology
28,linear-equations-and-inequalitie
29,multiplication-division
30,factors-multiples
31,complex-numbers
32,absolute-value
33,congruent-triangles
34,logical-reasoning
35,unit-conversion
36,quantity-sense
37,trigonometry
38,parallel-and-perpendicular-lines
39,probability
40,ratio-percentage
41,parabola_intuition_1
42,circles_and_arcs
43,inscribed_angles_3
44,solving_quadratics_by_factoring
45,graphing_parabolas_1
46,inverses_of_functions
47,one_step_equations
48,one_step_inequalities
49,number_properties_terminology_1
50,angles_2
51,angle_types
52,addition_3
53,compound_inequalities
54,distributive_property_with_variables
55,equation_of_a_circle_1
56,distance_between_point_and_line
57,midpoint_formula
58,properties_of_numbers_2
59,properties_of_incenters
60,measuring_lengths_1
61,fractional_division_life_problem
62,volume_container_hight
63,polynomial_concept_and_proper_noun
64,understanding_square_rectangular
65,baseline_compareline_application
66,vertical_and_parallel
67,decimal_multiplier_calculation
68,calculations_using_similar_shapes
69,quadratics_word_problems
70,represent_by_symbol_dividend
71,quadratic_polynomial_word_problem
72,estimation_three-digit_add_sub
73,arithmetic_means
74,recording_life _problem_by_expressions
75,seq_understanding_sequence_2
76,place_value_big_number
77,matrix_basic_product
78,speed_applying
79,completing_the_square_1_new
80,basic_graph_and_composite_graph_area
81,side_length_cube_and_relationship_with_volume_cuboid
82,judging_axis_of_symmetry
83,realizing_inequalities
84,perimeter_1
85,graphing_systems_of_equations
86,exponents_3
87,reading_pictographs_2
88,lhopitals_rule
89,multiplying_polynomials
90,kinematic_equations
91,creating_bar_charts_1
92,telling_time
93,proportions_1
94,linear_equations_2
95,converting_repeating_decimals_to_fractions_1
96,exponents_2
97,solving_similar_triangles_2
98,creating_box_and_whisker_plots
99,subtraction_within_20
100,quadratic_function_word_problem
101,parallelogram_concept_and_application
102,radical_multiplication_and_division
103,arithmetic_sequences_3
104,vector_add_sub_two
105,concepts_related_to_diamond
106,fractions_cut_and_copy
107,cross_multiplication_advanced
108,radius_diameter_and_circumference_1
109,matrix_basic_percentage
110,time_terminology
111,cone_surface_arc
112,multiplication_formula_minus
113,environment_bctest_cap
114,areas_of_kites
115,arithmetic_reasoning
116,adding_and_subtracting_centimeter_and_millimeter
117,rate_problems_0.5
118,evaluating_expressions_2
119,graphing_inequalities
120,radical_equations
121,empirical_rule
122,multiplying_fractions_0.5
123,exploring_angle_pairs_1
124,adding_subtracting_mixed_numbers_0.5
125,equation_of_an_ellipse
126,solid_geometry
127,z_scores_1
128,division_1.5
129,dividing_fractions
130,graphing_linear_equations
131,prime_numbers
132,converting_decimals_to_fractions_1
133,solving_for_the_y-intercept
134,addition_4
135,the_complex_plane
136,geometry_1
137,divisibility_0.5
138,linear_equations_4
139,least_common_multiple
140,factoring_polynomials_with_two_variables
141,absolute_value
142,multiplying_complex_numbers
143,area_of_triangles_1
144,geometry_proofs_intro
145,converse_inverse_and_contrapositive
146,the_fundamental_theorem_of_arithmetic
147,arithmetic_series
148,perimeter_deduction
149,time_units_transformation_1
150,triangles_congruent_nature_sas
151,metric_weight_unit_conversion
152,integers_multiply_decimals
153,dividing_polynomials_2
154,interpreting_negative_numbers
155,understand_equivalent_axiom
156,writing_expressions_w_two_var
157,comparing_decimals_1
158,kg_g_time_div
159,absolute_values_meaning
160,altitude_and_hypotenuse
161,basic_compared_with_the_reference_quantity
162,areas_of_rhombi
163,integers_multiply_decimals2
164,metric_weight_unit_word_problem
165,l_ml_transform
166,age_problems
167,rate_unit_transform
168,application_of_linear_equations_1
169,midpoint_coordinates
170,number_sense_length_l2
171,common_form_for_life
172,understand_range_of_graphie
173,combinations_of_polynomials
174,ordering_improper_fractions_and_mixed_numbers
175,factoring_polynomials_2
176,rate_problems_1
177,systems_of_equations_with_elimination_0.5
178,similar_triangles_review
179,arithmetic_word_problems_2
180,perimeter_of_squares_and_rectangles
181,least_common_multiple_and_greatest_common_divisor_word_problems
182,adding_subtracting_mixed_numbers_1
183,evaluating_expressions_1
184,constant_function_and_a_fuction
185,seq-arithmetic-sequences-l2
186,multiplying_and_dividing_negative_numbers_new
187,meaning_congruent_planar_graph
188,hundred_million_adding_and_subtracting
189,cube_volume_calculation
190,area_relationship_larger_narrow_num
191,count_number_to_20_2
192,ecology_bctest_cap
193,recognize_num_less_than_10000
194,metric_area_unit_conversion
195,quadratic_function_concept
196,dividing_fractions_0.5
197,equation_of_a_line
198,factoring_difference_of_squares_2
199,trig_identities_1
200,greatest_common_divisor
201,equation_of_a_circle_2
202,angles_of_a_polygon
203,trigonometry_2
204,reading_pictographs_1
205,power_rule
206,converting_between_point_slope_and_slope_intercept
207,linear_inequalities
208,reading_tables_1
209,converting_fractions_to_decimals
210,dividing_decimals
211,combining_like_terms_1
212,imaginary_unit_powers
213,congruent_angles
214,radius_diameter_and_circumference
215,conditional_statements_2
216,vertical_angles_2
217,derivatives_1
218,ratio_word_problems
219,matrix_mul_zero_one
220,computing_law_with_power
221,number_sense_length_l3
222,volume_space
223,ungroup_median
224,multiple_brackets
225,completing_the_square_2_new
226,understand_large_numbers_and_conversion
227,compare_shapes
228,time_units_transformation_3
229,application_division_large_nums
230,addition_two_numbers
231,absolute_value_add_sub_properties
232,constructing_and_interpreting_absolute_value
233,dividing_polynomials_6
234,matrix_mul_two
235,multiple_proportions_reasoning
236,seq_understanding_sequence_1
237,naming_shapes_2
238,multiplication_association_word_problems
239,comparison_between_numbers_within_ten
240,measuring_lengths_2
241,metric_weight_unit_selection
242,speed_equal_to_distance_divide_time
243,pythagorean_thaorem_application
244,order_by_length
245,gcd_of_life
246,quadratic_function_graphing
247,tenfold_and_hundred_fold
248,polygon_geometry_characteristic
249,seq_understaning_arithmetic_sequence_1
250,time_word_problem_2
251,sectors_as_fraction_of_circles_1
252,solving_linear_inequalities
253,multiplying_decimal_integer
254,compound_numbers_world_problems
255,place_value_concept
256,ordering_numbers
257,converting_between_slope_intercept_and_standard_form
258,adding_and_subtracting_polynomials
259,triangle_inequality_theorem
260,counting_2
261,multiplying_fractions
262,subtracting_decimals
263,alternate_interior_angles_2
264,similar_triangles_1
265,simplifying_expressions_with_exponents
266,addition_1
267,supplementary_angles
268,division_word_problems_2
269,division_2.9
270,matrix_add_sub_2
271,volume_box_cover
272,ratio_money
273,volume_of_rectangular_boxes_3
274,understanding_comparing_angle
275,seq-understaning-arithmetic-sequence
276,application_of_scientific_notation_2
277,simple_calculation_of_composite_volume
278,nature_of_isosceles_triangle
279,negative_numbers_multiply_divide
280,matrix_add_zero_negative
281,planar_graph_resizing
282,division_4
283,inequalities_on_a_number_line
284,new_definitions_2
285,areas_of_trapezoids_rhombi_and_kites
286,same_side_exterior_angles_2
287,congruency_postulates
288,independent_probability
289,adding_fractions
290,absolute_value_equations
291,range_of_a_function
292,angles_1
293,logical_arguments_deductive_reasoning
294,conditional_statements_and_truth_value
295,exponents_1
296,absolute_value_of_complex_numbers
297,understanding_decimals_place_value
298,same_side_exterior_angles
299,counting_1
300,proportions_2
301,alternate_exterior_angles_2
302,adding_and_subtracting_negative_numbers
303,subtraction_4
304,perimeter_of_sector
305,angle_of_osculation
306,radius_diameter_and_circumference_314_1
307,equivalent_fractions_conversion
308,understand_percentage
309,radius_and_diameter
310,evolution_bctest_cap
311,l_ml_arithmatic
312,common_factor_advance
313,multiple_unit_transate
314,subtraction_and_addition
315,special_right_triangles
316,basic_concepts_of_probability_1
317,finding_axis_of_symmetry
318,planting_problems
319,combining_like_terms_with_two_variables
320,find_gcd_and_lcm
321,graphing_scaling
322,definition_opposite_number
323,scale
324,pyramidal_prism
325,comparison_between_numbers_within_ten_0.5
326,arithmetic_series_1
327,kg_g_unit_transform2
328,graphing_points_fraction_2
329,surface_area_of_cylinders
330,decimals_on_the_number_line_2_new
331,seq_sequence_pattern_1
332,percentage_concept
333,proportional_calculation
334,reproduction
335,geometry_categorial_proposition
336,arc_length_and_circular_sector_area
337,count_numbers
338,number_sense_weight_l3
339,basic_concept_of_congruent_triangles
340,number_sequence_within_ten
341,solving_for_the_x-intercept
342,systems_of_equations
343,division_0.5
344,line_relationships
345,inverse_trig_functions
346,converting_decimals_to_fractions_2
347,multiplying_mixed_numbers_1
348,recognizing_fractions_0.5
349,triangle_angles_1
350,derivative_intuition
351,angle types
352,domain_and_range_0.5
353,similar_triangles_2
354,product_rule
355,place_value
356,dividing_decimals_0.5
357,area_of_squares_and_rectangles
358,division_1.4
359,inequalities_and_expressions
360,dividing_polynomials_4
361,basic_concepts_of_probability_2
362,composing_shapes
363,solving_problems_with_picture_graphs_1
364,number_sense_weight_l2
365,geometry_about_circle_concept
366,addition_of_vary_denominator_fraction
367,converting_percents_to_decimals
368,alternate_exterior_angles
369,fractions_cut_and_copy_2
370,graphing_parabolas_0.5
371,inscribed_angles_2
372,mean_median_and_mode
373,converting_mixed_numbers_and_improper_fractions
374,shifting_and_reflecting_functions
375,multiplying_and_dividing_negative_numbers
376,fractions_on_the_number_line_1
377,dividing_decimals_2
378,variance
379,reading_stem_and_leaf_plots
380,adding_negative_numbers
381,number_line_3
382,converting_decimals_to_percents
383,common_factors_of_a_polynomial_1
384,area_of_a_circle
385,z_scores_2
386,expressions_with_unknown_variables
387,telling_time_comparing
388,sides_and_angles_of_simple_shapes
389,writing_and_interpreting_decimals
390,meaning_of_equal_sign
391,common_factor
392,adding_decimals_1
393,proportional_or_inverse_proportional
394,graphing_points_fraction_1
395,proportional_life_problems
396,systems_of_equ_substitution_2
397,triangle_central_core_concept
398,reading_fractions_in_chinese
399,dividing_decimals_int_to_int_0.5
400,applications_of_index
401,systems_of_equations_with_elimination_2
402,range_of_triangle_sides_2
403,make_a_line_by_ruler_and_compasses
404,relationships_linear_equations
405,calculating_averages_advanced
406,variables_word_problems_2
407,volume_of_triangular_prisms
408,variables_word_problems_1
409,square_cm_square_m_unit_transform
410,inheritance_bctest_cap
411,integer_arithmetic
412,inverse_proportional_calculation
413,factor_word_problems
414,dividing_polynomials_3
415,volume_box
416,finding_percentage
417,number_line_4
418,cuboid_volume_calculation
419,fraction_integer
420,volume_container
421,count_number_to_50
422,interpreting_linear_equations
423,linear_equations_3
424,factoring_difference_of_squares_4
425,expressions_with_unknown_variables_2
426,congruent_triangles_1
427,division_1
428,rounding_whole_numbers
429,completing_the_square_2
430,age_word_problems
431,simplifying_fractions
432,factoring_difference_of_squares_3
433,quadratic_equation
434,parallel_lines_2
435,geometry_proofs_1
436,subtraction_3
437,recognizing_rays_lines_and_line_segments
438,comparing_decimal_place_value
439,matrix_row_operation
440,area_of_a_circle2
441,equal_parts_of_circles_and_rectangles
442,volume_box_nocover
443,statistical_table_and_chart
444,calculation_of_proportions
445,lines_plane_vertical_parallel
446,fractions_word_problem
447,adding_decimals_0.5_new
448,seq_sequence_exam_3
449,equivalent_fractions_2
450,systems_of_equations_with_elimination
451,logarithms_2
452,multiplication_2
453,ordering_objects
454,complementary_and_supplementary_angles
455,negative_number_word_problems
456,line_graph_intuition
457,reading_bar_charts_3
458,same_side_interior_angles
459,reading_tables_2
460,divisibility_intuition
461,cube_roots
462,multiplication_0.5
463,adding_decimals_0.5
464,division_2
465,ordering_fractions
466,slope_of_a_line
467,multiplying_and_dividing_scientific_notation
468,probability_1
469,adding_and_subtracting_decimals_word_problems
470,decimals_on_the_number_line_2
471,combining_like_terms_2
472,herons_formula
473,subtraction_2
474,adding_and_subtracting_fractions
475,quotient_rule
476,number_line
477,multiplying_radicals
478,even_and_odd_functions
479,shaded_areas
480,multiplication_1
481,matrix_gaussian_elimination
482,geometric_construction
483,regular_number_of_columns
484,regrouping_decimals
485,adding_decimals_2_new
486,basic_concept_of_circumcenter
487,millimeter_and_centimeter
488,seq-arithmetic-sequences-l1
489,multiplication_formula_sub
490,understand_coins
491,parts_of_circles
492,number_sense_length_l1
493,measuring_and_comparing_angles
494,l_ml_word_problem
495,marking_inequalities_range_on_a_number_line
496,multiplying_and_dividing
497,count_one_by_one_1
498,square_root_calculation_3
499,skip_counting_by_5s
500,complex_fraction
501,life_1
502,notation_calculation_type
503,cube_rectangular_and_regular_tetrahedron
504,moving_points
505,multiplying_fractions_by_integers
506,draw_a_pie_chart
507,decimals_distributive_law_of_multiplication
508,multiplication_with_carrying
509,symmetry_concept_and_application
510,number_line_0.5
511,one_step_equation_problems
512,adding_subtracting_no_carry_3
513,inequality_properties
514,comparing_with_multiplication
515,recognizing_fractions
516,decimals_on_the_number_line_1
517,rounding_numbers
518,one_step_equations_0.5
519,identifying_points_2
520,geometry_proofs_2
521,parabola_intuition_3
522,attributs_of_shapes
523,negative_nums_on_num_line_without_reference_to_zero
524,count_number_to_100
525,sort-groups-by-count_1
526,fractions_and_percentage_of_exchange
527,ratio_and_the_ratio_of
528,matrix_mul_two_2
529,time_word_problem_5
530,get_gcd_and_lcm
531,writing_expressions_3
532,adding_and_subtracting_within_20
533,short_divide_gcf_and_lcm
534,represent_by_symbol_multiplier
535,multiplication_word_problems
536,seq-arithmetic-means-1
537,simplifying_rational_expressions_2
538,exponents_4
539,simplifying_radicals
540,percentage_word_problems_1
541,distance_formula
542,permutations_1
543,systems_of_equations_with_substitution
544,exploring_mean_and_median
545,angle-types
546,writing_expressions_1
547,factoring_polynomials_3
548,fractions_on_the_number_line_3
549,subtracting_fractions_with_common_denominators
550,adding_decimals_2
551,adding_and_subtracting_radicals
552,graphing_points
553,corresponding_angles_2
554,inscribed_angles_1
555,slope_intercept_form
556,functions_3
557,rate_problems_2
558,reading_line_charts_1
559,percentage_word_problems_2
560,segment_addition
561,pythagorean_theorem_2
562,arithmetic_word_problems_1
563,factoring_difference_of_squares_1
564,recognizing_conic_sections
565,multiplying_2_digits_by_2_digits_with_area_models
566,adding_subtracting_dicimals_fractions_and_percentage
567,adding_subtracting_carry_2
568,area_of_fans
569,length_word_problem
570,angle_rotation
571,linear_equations_word_problems_2
572,define_one_function
573,kg_g_unit_transform
574,recognize_graph_zoom_effect
575,seq_understaning_arithmetic_sequence_2
576,systems_of_equ_substitution_1
577,add_subtract_negative_fractions
578,systems_of_equations_with_elimination_3
579,systems_of_equ_elimination_1
580,large_angle_long_edge
581,classification_bctest_cap
582,recognize_decimal_percentile_position
583,volume_of_rectangular_boxes_2
584,eval_expressions_w_two_var
585,matrix_submatrix
586,application_of_scientific_notation
587,re_graphics
588,multiplying_fractions_and_whole_numbers_word_problems
589,operations_with_negative_numbers
590,matrix_mul_scalar
591,sequences_word_problems
592,seq_sequence_pattern_2
593,seq-arithmetic-means-2
594,word_problem_formula_translate
595,triangles_similar_nature
596,inequality_symbol_word_problems
597,simplify_expressions_w_two_var_2
598,dividing_polynomials_1
599,number_line_0.7
600,corresponding_angles
601,subtracting_decimals_0.5
602,composite_numbers
603,graphing_inequalities_2
604,pythagorean_theorem_1
605,parallel_lines_1
606,division_word_problems_1
607,number_line_0.5_new
608,volume_of_cylinders
609,dividing_decimals_int_to_int_0.7
610,polygon_similarity
611,multiplication_formula_1
612,volume_of_rectangular_boxes
613,narrative_and_opposite_narrative
614,multiplication_formula_add
615,kg_g_arithmatic
616,consistency_bctest_cap
617,time_units_transformation_2
618,multiplicative_problems
619,number_sense_weight_l1
620,using_fractions_to_divide_pizzas_pies_and_cakes
621,adding_decimals
622,multiplication_3
623,divisibility
624,trigonometry_1
625,multiplication_4
626,linear_equations_1
627,solving_for_a_variable
628,converting_repeating_decimals_to_fractions_2
629,solutions_to_systems_of_equations
630,comparing_fractions_2
631,plotting_the_line_of_best_fit
632,square_roots_2
633,number_line_2
634,factoring_polynomials_by_grouping_1
635,significant_figures_1
636,radians_and_degrees
637,fractions_on_the_number_line_2
638,angle_addition_postulate
639,radians_to_degrees
640,subtracting_fractions
641,equation_of_a_hyperbola
642,units
643,arithmetic_word_problems
644,factorization_quadratic_polynomial
645,matrix_app_fruit_oil
646,count_number_to_20
647,the_four_arithmetic_exponentially
648,simplify_expressions_w_two_var_3
649,radius_angle_by_percentage
650,matrix_transpose
651,parallel_lines_proportion
652,interpreting_absolute_value
653,range_quarter_case_chart
654,separation_and_union
655,baseline_compareline
656,dividing_polynomials_5
657,age_problems_new
658,application_of_linear_equations_2
659,simple_hologram_concept
660,seq_sequence_exam_2
661,areas_of_trapezoids
662,circumferential_angle
663,decimal_two_steps
664,morning_afternoon_night
665,absolute_value_add_sub
666,sectors_as_fraction_of_circles_2
667,approximate_number
668,parallel_and_perpendicular
669,area_relationship_larger_narrow_graph
670,km_m_unit_transform
671,subtraction_of_vary_denominator_fraction
672,trapezoid_concept_and_application
673,four_operations_and_decimal_fraction
674,understanding_moving_the_decimal
675,comparing_improper_fractions_and_mixed_numbers
676,simplifying_rational_expressions_1
677,estimation_with_decimals
678,multiplying_decimals
679,multiplying_expressions_1
680,functions_2
681,dividing_complex_numbers
682,triangle_types
683,limits_1
684,prime_factorization
685,common_factors_of_a_polynomial_2
686,scientific_notation_intuition
687,writing_expressions_2
688,angle_bisector_theorem
689,scaling_vectors
690,skip_counting_by_10s
691,application_add_large_nums
692,gcd_and_lcm_word_problems
693,dividing_polynomials
694,multiplication_and_division_word_problems
695,understand_length_unit
696,seq-understaning-arithmetic-sequence-1
697,difference_between_solid_and_plane_graphics
698,ordering_negative_numbers
699,multiplying_expressions_0.5
700,reading_bar_charts_2
701,graphing_systems_of_inequalities
702,quadrilateral_angles
703,z_scores_3
704,telling_time_0.5
705,representing_numbers
706,divisibility_tests
707,point_slope_form
708,systems_of_equations_word_problems
709,chain_rule_1
710,fractions_cut_and_copy_1
711,graphing_parabolas_2
712,factoring_polynomials_1
713,graphs_of_sine_and_cosine
714,new_definitions_1
715,area_1
716,solving_similar_triangles_1
717,dependent_probability
718,limits_2
719,addition_2
720,subtraction_1
721,identifying_points_1
722,same_side_interior_angles_2
723,trigonometry_1.5
724,exploring_standard_deviation_1
725,special_derivatives
726,writing_proportions
727,order_of_operations
728,graphing_systems_of_inequalities_2
729,graphing_points_2
730,triangles_congruent_nature_aas
731,triangle_length_of_side
732,solving_linear_equations
733,visualizing_equivalent_fraction
734,basic_concept_of_similar_shapes
735,comparing_lengths
736,rates_and_ratios
737,repeated_addition
738,halves_and_fourths
739,volume_unit_conversion
740,denominator_comparison
741,seq-understaning-arithmetic-sequence-2
742,time_word_problem_3
743,number_line_0.7_new
744,multiply_by_tens
745,time_word_problem_1
746,special_triangle_and_quadrilateral_concept
747,metric_area_unit_comparison
748,simplify_expressions_w_two_var_1
749,transportation_bctest_cap
750,perimeter_of_combined_shapes
751,adding_subtracting_carry_3
752,understanding_km
753,subtract_of_positive_negative_fraction
754,complex_number_polar_form_intuition_new
755,triangles_congruent_nature_asa
756,ratio
757,comparing_decimals_2
758,quadratic_function_maximum_and_minimum
759,triangles_congruent_nature_sss
760,application_of_gcd_and_lcm_1
761,volume_and_cc
762,comparing_size
763,chickens_and_rabbits_questions
764,number_within_fifty
765,recognizing_shapes
766,triangles_congruent_nature_rhs
767,reproduction_bctest_cap
768,represent_by_symbol_subtrahend
769,recognizing_factoring
770,solving_problems_with_line_plots_1
771,scientific_notation_decimals
772,fraction_word_problems_1
773,adding_fractions_with_common_denominators
774,domain_of_a_function
775,functions_1
776,distributive_property
777,comparing_objects
778,vertical_angles
779,unit_circle
780,multiplication_1.5
781,dividing_fractions_word_problems
782,plugging_in_values
783,solving_quadratics_by_taking_the_square_root
784,lcm_word_problems
785,recording_life_problem_by_expressions
786,writing_fractions_1
787,fraction_and_per_swap_divide
788,l_ml_time_div
789,naming_shapes
790,simple_hologram_surface_area
791,coordination_bctest_cap
792,date_and_weekday
793,exponent_rules
794,points_lines_and_planes
795,multiplying_fractions_word_problems
796,expressing_ratios_as_fractions
797,properties_of_numbers_1
798,dividing_decimals_1
799,markup_and_commission_word_problems
800,comparing_absolute_values
801,standard_deviation
802,equivalent_fractions
803,completing_the_square_1
804,trigonometry_0.5
805,solving_quadratics_by_factoring_2
806,scientific_notation
807,complementary_angles
808,square_roots
809,parabola_intuition_2
810,congruent_segments
811,midpoint_of_a_segment
812,areas_of_circles_and_sectors
813,alternate_interior_angles
814,degrees_to_radians
815,reading_bar_charts_1
816,adding_vectors
817,telling_time_2
818,comparing_fractions_1
819,measuring_angles
820,congruent_triangles_2
821,measuring_segments
822,axis_of_symmetry
823,average_word_problems
824,division_3
825,radius_angle
826,meters_and_centimeters_conversion
827,meters_and_centimeters
828,skip_counting_by_100s
829,matrix_row_echelon
830,scale_see_compare_see
831,understand_circle
832,matrix_triangular_and_symmetric
833,factorization_by_add_sub_square
834,cc_and_cubic_meter_conversion
835,ratio_discount
836,nutrition_bctest_cap
837,measuring_lengths_with_different_units
838,concepts_related_to_kite
839,multiplication_and_division_order
840,concepts_related_to_parallelogram
841,one_more_one_less
842,represent_by_symbol_addend
843,time_word_problem_4
844,fraction_of_one_step_to_unknow_formula
845,graphs_of_linear_equations
846,matrix_add_sub_3
847,triangle_angles_sum
848,filling_rectangles_with_same-sized_squares
849,unit_conversion_rate
850,cell_bctest_cap
851,advanced_fraction
852,addition_within_20
853,surface_area_of_rectangular_boxes
854,g_and_kg_word_problems
855,area_unit_cm_square
856,vertical_concepts
857,direct_and_inverse_variation
858,quadrilateral_types
859,area_of_parallelograms
860,discount_tax_and_tip_word_problems
861,adding_and_subtracting_complex_numbers
862,vertex_of_a_parabola
863,logarithms_1
864,division_0.9
865,proportions_inner_outer_product
866,area_of_triangular_shapes
867,seq_sequence_exam_1
868,position_relation_between_circle_point
869,number_sense_weight_L1
870,decomposing_fractions
871,matrix_basic_distance
872,ordering_decimals_new
873,simplificate_ractional_formula
874,geometry_identification_concept
875,simplify_the_root_type